solid OpenSCAD_Model
  facet normal -1 0 0
    outer loop
      vertex -12.3 -12.2979 1.55
      vertex -12.3 -12.3 1.55
      vertex -12.3 -12.2979 1.6
    endloop
  endfacet
  facet normal -1 0 0
    outer loop
      vertex -12.3 -12.2979 1.6
      vertex -12.3 -10.1 5.75
      vertex -12.3 -10.1 1.6
    endloop
  endfacet
  facet normal -1 0 0
    outer loop
      vertex -12.3 -12.2979 1.6
      vertex -12.3 -12.3 5.75
      vertex -12.3 -10.1 5.75
    endloop
  endfacet
  facet normal -1 0 0
    outer loop
      vertex -12.3 -12.3 5.75
      vertex -12.3 -12.2979 1.6
      vertex -12.3 -12.3 1.55
    endloop
  endfacet
  facet normal 0 0 -1
    outer loop
      vertex -12.3 -12.3 1.55
      vertex -12.299 -12.299 1.55
      vertex -12.2979 -12.3 1.55
    endloop
  endfacet
  facet normal -0 0 -1
    outer loop
      vertex -12.299 -12.299 1.55
      vertex -12.3 -12.3 1.55
      vertex -12.3 -12.2979 1.55
    endloop
  endfacet
  facet normal 1 -0 0
    outer loop
      vertex -10.1 -12.3 5.75
      vertex -10.1 -10.1 1.6
      vertex -10.1 -10.1 5.75
    endloop
  endfacet
  facet normal 1 0 0
    outer loop
      vertex -10.1 -10.1 1.6
      vertex -10.1 -12.3 5.75
      vertex -10.1 -12.3 1.6
    endloop
  endfacet
  facet normal 0 1 -0
    outer loop
      vertex -10.1 -10.1 1.6
      vertex -12.3 -10.1 5.75
      vertex -10.1 -10.1 5.75
    endloop
  endfacet
  facet normal 0 1 0
    outer loop
      vertex -12.3 -10.1 5.75
      vertex -10.1 -10.1 1.6
      vertex -12.3 -10.1 1.6
    endloop
  endfacet
  facet normal -0 0 1
    outer loop
      vertex -12.3 -10.1 5.75
      vertex -10.1 -12.3 5.75
      vertex -10.1 -10.1 5.75
    endloop
  endfacet
  facet normal 0 0 1
    outer loop
      vertex -10.1 -12.3 5.75
      vertex -12.3 -10.1 5.75
      vertex -12.3 -12.3 5.75
    endloop
  endfacet
  facet normal 0 -1 0
    outer loop
      vertex -12.3 -12.3 5.75
      vertex -12.2979 -12.3 1.6
      vertex -10.1 -12.3 5.75
    endloop
  endfacet
  facet normal 0 -1 0
    outer loop
      vertex -12.3 -12.3 1.55
      vertex -12.2979 -12.3 1.6
      vertex -12.3 -12.3 5.75
    endloop
  endfacet
  facet normal 0 -1 -0
    outer loop
      vertex -12.2979 -12.3 1.6
      vertex -12.3 -12.3 1.55
      vertex -12.2979 -12.3 1.55
    endloop
  endfacet
  facet normal 0 -1 -0
    outer loop
      vertex -10.1 -12.3 5.75
      vertex -12.2979 -12.3 1.6
      vertex -10.1 -12.3 1.6
    endloop
  endfacet
  facet normal -1 0 0
    outer loop
      vertex -12.3 12.2979 1.6
      vertex -12.3 12.3 1.55
      vertex -12.3 12.2979 1.55
    endloop
  endfacet
  facet normal -1 0 0
    outer loop
      vertex -12.3 12.3 1.55
      vertex -12.3 12.2979 1.6
      vertex -12.3 12.3 5.75
    endloop
  endfacet
  facet normal -1 0 0
    outer loop
      vertex -12.3 10.1 1.6
      vertex -12.3 12.3 5.75
      vertex -12.3 12.2979 1.6
    endloop
  endfacet
  facet normal -1 -0 0
    outer loop
      vertex -12.3 12.3 5.75
      vertex -12.3 10.1 1.6
      vertex -12.3 10.1 5.75
    endloop
  endfacet
  facet normal 0 0 -1
    outer loop
      vertex -12.299 12.299 1.55
      vertex -12.3 12.3 1.55
      vertex -12.2979 12.3 1.55
    endloop
  endfacet
  facet normal 0 0 -1
    outer loop
      vertex -12.3 12.3 1.55
      vertex -12.299 12.299 1.55
      vertex -12.3 12.2979 1.55
    endloop
  endfacet
  facet normal 1 -0 0
    outer loop
      vertex -10.1 10.1 5.75
      vertex -10.1 12.3 1.6
      vertex -10.1 12.3 5.75
    endloop
  endfacet
  facet normal 1 0 0
    outer loop
      vertex -10.1 12.3 1.6
      vertex -10.1 10.1 5.75
      vertex -10.1 10.1 1.6
    endloop
  endfacet
  facet normal 0 1 -0
    outer loop
      vertex -10.1 12.3 1.6
      vertex -12.3 12.3 5.75
      vertex -10.1 12.3 5.75
    endloop
  endfacet
  facet normal 0 1 -0
    outer loop
      vertex -12.2979 12.3 1.6
      vertex -12.3 12.3 5.75
      vertex -10.1 12.3 1.6
    endloop
  endfacet
  facet normal 0 1 0
    outer loop
      vertex -12.3 12.3 1.55
      vertex -12.2979 12.3 1.6
      vertex -12.2979 12.3 1.55
    endloop
  endfacet
  facet normal 0 1 0
    outer loop
      vertex -12.2979 12.3 1.6
      vertex -12.3 12.3 1.55
      vertex -12.3 12.3 5.75
    endloop
  endfacet
  facet normal -0 0 1
    outer loop
      vertex -12.3 12.3 5.75
      vertex -10.1 10.1 5.75
      vertex -10.1 12.3 5.75
    endloop
  endfacet
  facet normal 0 0 1
    outer loop
      vertex -10.1 10.1 5.75
      vertex -12.3 12.3 5.75
      vertex -12.3 10.1 5.75
    endloop
  endfacet
  facet normal 0 -1 0
    outer loop
      vertex -12.3 10.1 1.6
      vertex -10.1 10.1 5.75
      vertex -12.3 10.1 5.75
    endloop
  endfacet
  facet normal 0 -1 -0
    outer loop
      vertex -10.1 10.1 5.75
      vertex -12.3 10.1 1.6
      vertex -10.1 10.1 1.6
    endloop
  endfacet
  facet normal -1 0 0
    outer loop
      vertex 10.1 -12.3 1.6
      vertex 10.1 -10.1 5.75
      vertex 10.1 -10.1 1.6
    endloop
  endfacet
  facet normal -1 -0 0
    outer loop
      vertex 10.1 -10.1 5.75
      vertex 10.1 -12.3 1.6
      vertex 10.1 -12.3 5.75
    endloop
  endfacet
  facet normal 0 0 -1
    outer loop
      vertex 12.3 -12.3 1.55
      vertex 12.299 -12.299 1.55
      vertex 12.3 -12.2979 1.55
    endloop
  endfacet
  facet normal 0 -0 -1
    outer loop
      vertex 12.299 -12.299 1.55
      vertex 12.3 -12.3 1.55
      vertex 12.2979 -12.3 1.55
    endloop
  endfacet
  facet normal 1 0 0
    outer loop
      vertex 12.3 -10.1 5.75
      vertex 12.3 -12.2979 1.6
      vertex 12.3 -10.1 1.6
    endloop
  endfacet
  facet normal 1 -0 0
    outer loop
      vertex 12.3 -12.3 5.75
      vertex 12.3 -12.2979 1.6
      vertex 12.3 -10.1 5.75
    endloop
  endfacet
  facet normal 1 0 0
    outer loop
      vertex 12.3 -12.3 1.55
      vertex 12.3 -12.2979 1.6
      vertex 12.3 -12.3 5.75
    endloop
  endfacet
  facet normal 1 0 0
    outer loop
      vertex 12.3 -12.2979 1.6
      vertex 12.3 -12.3 1.55
      vertex 12.3 -12.2979 1.55
    endloop
  endfacet
  facet normal -0 0 1
    outer loop
      vertex 10.1 -10.1 5.75
      vertex 12.3 -12.3 5.75
      vertex 12.3 -10.1 5.75
    endloop
  endfacet
  facet normal 0 0 1
    outer loop
      vertex 12.3 -12.3 5.75
      vertex 10.1 -10.1 5.75
      vertex 10.1 -12.3 5.75
    endloop
  endfacet
  facet normal 0 -1 0
    outer loop
      vertex 10.1 -12.3 1.6
      vertex 12.3 -12.3 5.75
      vertex 10.1 -12.3 5.75
    endloop
  endfacet
  facet normal 0 -1 0
    outer loop
      vertex 12.2979 -12.3 1.6
      vertex 12.3 -12.3 5.75
      vertex 10.1 -12.3 1.6
    endloop
  endfacet
  facet normal 0 -1 0
    outer loop
      vertex 12.3 -12.3 1.55
      vertex 12.2979 -12.3 1.6
      vertex 12.2979 -12.3 1.55
    endloop
  endfacet
  facet normal 0 -1 0
    outer loop
      vertex 12.2979 -12.3 1.6
      vertex 12.3 -12.3 1.55
      vertex 12.3 -12.3 5.75
    endloop
  endfacet
  facet normal 0 1 -0
    outer loop
      vertex 12.3 -10.1 1.6
      vertex 10.1 -10.1 5.75
      vertex 12.3 -10.1 5.75
    endloop
  endfacet
  facet normal 0 1 0
    outer loop
      vertex 10.1 -10.1 5.75
      vertex 12.3 -10.1 1.6
      vertex 10.1 -10.1 1.6
    endloop
  endfacet
  facet normal -1 0 0
    outer loop
      vertex 10.1 10.1 1.6
      vertex 10.1 12.3 5.75
      vertex 10.1 12.3 1.6
    endloop
  endfacet
  facet normal -1 -0 0
    outer loop
      vertex 10.1 12.3 5.75
      vertex 10.1 10.1 1.6
      vertex 10.1 10.1 5.75
    endloop
  endfacet
  facet normal 0 0 -1
    outer loop
      vertex 12.299 12.299 1.55
      vertex 12.3 12.3 1.55
      vertex 12.3 12.2979 1.55
    endloop
  endfacet
  facet normal -0 0 -1
    outer loop
      vertex 12.3 12.3 1.55
      vertex 12.299 12.299 1.55
      vertex 12.2979 12.3 1.55
    endloop
  endfacet
  facet normal 1 0 0
    outer loop
      vertex 12.3 12.3 5.75
      vertex 12.3 12.2979 1.6
      vertex 12.3 12.3 1.55
    endloop
  endfacet
  facet normal 1 -0 0
    outer loop
      vertex 12.3 10.1 5.75
      vertex 12.3 12.2979 1.6
      vertex 12.3 12.3 5.75
    endloop
  endfacet
  facet normal 1 0 0
    outer loop
      vertex 12.3 12.2979 1.6
      vertex 12.3 10.1 5.75
      vertex 12.3 10.1 1.6
    endloop
  endfacet
  facet normal 1 0 0
    outer loop
      vertex 12.3 12.3 1.55
      vertex 12.3 12.2979 1.6
      vertex 12.3 12.2979 1.55
    endloop
  endfacet
  facet normal -0 0 1
    outer loop
      vertex 10.1 12.3 5.75
      vertex 12.3 10.1 5.75
      vertex 12.3 12.3 5.75
    endloop
  endfacet
  facet normal 0 0 1
    outer loop
      vertex 12.3 10.1 5.75
      vertex 10.1 12.3 5.75
      vertex 10.1 10.1 5.75
    endloop
  endfacet
  facet normal 0 -1 0
    outer loop
      vertex 10.1 10.1 1.6
      vertex 12.3 10.1 5.75
      vertex 10.1 10.1 5.75
    endloop
  endfacet
  facet normal 0 -1 -0
    outer loop
      vertex 12.3 10.1 5.75
      vertex 10.1 10.1 1.6
      vertex 12.3 10.1 1.6
    endloop
  endfacet
  facet normal 0 1 0
    outer loop
      vertex 12.3 12.3 5.75
      vertex 12.2979 12.3 1.6
      vertex 10.1 12.3 5.75
    endloop
  endfacet
  facet normal 0 1 -0
    outer loop
      vertex 12.3 12.3 1.55
      vertex 12.2979 12.3 1.6
      vertex 12.3 12.3 5.75
    endloop
  endfacet
  facet normal 0 1 0
    outer loop
      vertex 12.2979 12.3 1.6
      vertex 12.3 12.3 1.55
      vertex 12.2979 12.3 1.55
    endloop
  endfacet
  facet normal 0 1 0
    outer loop
      vertex 10.1 12.3 5.75
      vertex 12.2979 12.3 1.6
      vertex 10.1 12.3 1.6
    endloop
  endfacet
  facet normal -0.980844 0 -0.194793
    outer loop
      vertex -12.9072 -5 0.685196
      vertex -12.93 5 0.800001
      vertex -12.9072 5 0.685196
    endloop
  endfacet
  facet normal -0.980844 -0 -0.194793
    outer loop
      vertex -12.93 5 0.800001
      vertex -12.9072 -5 0.685196
      vertex -12.93 -5 0.800001
    endloop
  endfacet
  facet normal -0.195081 0 -0.980787
    outer loop
      vertex -12.7448 -5 0.522836
      vertex -12.63 5 0.500002
      vertex -12.63 -5 0.500002
    endloop
  endfacet
  facet normal -0.195081 0 -0.980787
    outer loop
      vertex -12.63 5 0.500002
      vertex -12.7448 -5 0.522836
      vertex -12.7448 5 0.522836
    endloop
  endfacet
  facet normal 0 -1 0
    outer loop
      vertex -12.8421 -5 1.01213
      vertex -12.63 -5 1.1
      vertex -12.7448 -5 1.07716
    endloop
  endfacet
  facet normal 0 -1 0
    outer loop
      vertex -12.9072 -5 0.914805
      vertex -12.63 -5 1.1
      vertex -12.8421 -5 1.01213
    endloop
  endfacet
  facet normal 0 -1 0
    outer loop
      vertex -12.93 -5 0.800001
      vertex -12.63 -5 1.1
      vertex -12.9072 -5 0.914805
    endloop
  endfacet
  facet normal 0 -1 0
    outer loop
      vertex -12.9072 -5 0.685196
      vertex -12.63 -5 1.1
      vertex -12.93 -5 0.800001
    endloop
  endfacet
  facet normal 0 -1 0
    outer loop
      vertex -12.8421 -5 0.587868
      vertex -12.63 -5 1.1
      vertex -12.9072 -5 0.685196
    endloop
  endfacet
  facet normal 0 -1 0
    outer loop
      vertex -12.7448 -5 0.522836
      vertex -12.63 -5 1.1
      vertex -12.8421 -5 0.587868
    endloop
  endfacet
  facet normal 0 -1 -0
    outer loop
      vertex -12.63 -5 1.1
      vertex -12.7448 -5 0.522836
      vertex -12.63 -5 0.500002
    endloop
  endfacet
  facet normal -0.831203 0 -0.555969
    outer loop
      vertex -12.8421 -5 0.587868
      vertex -12.9072 5 0.685196
      vertex -12.8421 5 0.587868
    endloop
  endfacet
  facet normal -0.831203 -0 -0.555969
    outer loop
      vertex -12.9072 5 0.685196
      vertex -12.8421 -5 0.587868
      vertex -12.9072 -5 0.685196
    endloop
  endfacet
  facet normal -0.555678 0 -0.831398
    outer loop
      vertex -12.8421 -5 0.587868
      vertex -12.7448 5 0.522836
      vertex -12.7448 -5 0.522836
    endloop
  endfacet
  facet normal -0.555678 0 -0.831398
    outer loop
      vertex -12.7448 5 0.522836
      vertex -12.8421 -5 0.587868
      vertex -12.8421 5 0.587868
    endloop
  endfacet
  facet normal -0.980844 0 0.194795
    outer loop
      vertex -12.93 -5 0.800001
      vertex -12.9072 5 0.914805
      vertex -12.93 5 0.800001
    endloop
  endfacet
  facet normal -0.980844 0 0.194795
    outer loop
      vertex -12.9072 5 0.914805
      vertex -12.93 -5 0.800001
      vertex -12.9072 -5 0.914805
    endloop
  endfacet
  facet normal -0.555666 0 0.831406
    outer loop
      vertex -12.8421 5 1.01213
      vertex -12.7448 -5 1.07716
      vertex -12.7448 5 1.07716
    endloop
  endfacet
  facet normal -0.555666 0 0.831406
    outer loop
      vertex -12.7448 -5 1.07716
      vertex -12.8421 5 1.01213
      vertex -12.8421 -5 1.01213
    endloop
  endfacet
  facet normal -0.19513 0 0.980777
    outer loop
      vertex -12.7448 5 1.07716
      vertex -12.63 -5 1.1
      vertex -12.63 5 1.1
    endloop
  endfacet
  facet normal -0.19513 0 0.980777
    outer loop
      vertex -12.63 -5 1.1
      vertex -12.7448 5 1.07716
      vertex -12.7448 -5 1.07716
    endloop
  endfacet
  facet normal -0.831195 0 0.555981
    outer loop
      vertex -12.9072 -5 0.914805
      vertex -12.8421 5 1.01213
      vertex -12.9072 5 0.914805
    endloop
  endfacet
  facet normal -0.831195 0 0.555981
    outer loop
      vertex -12.8421 5 1.01213
      vertex -12.9072 -5 0.914805
      vertex -12.8421 -5 1.01213
    endloop
  endfacet
  facet normal 0 1 0
    outer loop
      vertex -12.63 5 1.1
      vertex -12.8421 5 1.01213
      vertex -12.7448 5 1.07716
    endloop
  endfacet
  facet normal 0 1 0
    outer loop
      vertex -12.63 5 1.1
      vertex -12.9072 5 0.914805
      vertex -12.8421 5 1.01213
    endloop
  endfacet
  facet normal 0 1 0
    outer loop
      vertex -12.63 5 1.1
      vertex -12.93 5 0.800001
      vertex -12.9072 5 0.914805
    endloop
  endfacet
  facet normal 0 1 0
    outer loop
      vertex -12.63 5 1.1
      vertex -12.9072 5 0.685196
      vertex -12.93 5 0.800001
    endloop
  endfacet
  facet normal 0 1 0
    outer loop
      vertex -12.63 5 1.1
      vertex -12.8421 5 0.587868
      vertex -12.9072 5 0.685196
    endloop
  endfacet
  facet normal 0 1 0
    outer loop
      vertex -12.63 5 1.1
      vertex -12.7448 5 0.522836
      vertex -12.8421 5 0.587868
    endloop
  endfacet
  facet normal -0 1 0
    outer loop
      vertex -12.7448 5 0.522836
      vertex -12.63 5 1.1
      vertex -12.63 5 0.500002
    endloop
  endfacet
  facet normal 0.980844 0 -0.194793
    outer loop
      vertex 12.93 -5 0.800001
      vertex 12.9072 5 0.685196
      vertex 12.93 5 0.800001
    endloop
  endfacet
  facet normal 0.980844 0 -0.194793
    outer loop
      vertex 12.9072 5 0.685196
      vertex 12.93 -5 0.800001
      vertex 12.9072 -5 0.685196
    endloop
  endfacet
  facet normal 0.831203 0 -0.555969
    outer loop
      vertex 12.9072 -5 0.685196
      vertex 12.8421 5 0.587868
      vertex 12.9072 5 0.685196
    endloop
  endfacet
  facet normal 0.831203 0 -0.555969
    outer loop
      vertex 12.8421 5 0.587868
      vertex 12.9072 -5 0.685196
      vertex 12.8421 -5 0.587868
    endloop
  endfacet
  facet normal 0 -1 0
    outer loop
      vertex 12.63 -5 1.1
      vertex 12.8421 -5 1.01213
      vertex 12.7448 -5 1.07716
    endloop
  endfacet
  facet normal 0 -1 0
    outer loop
      vertex 12.63 -5 1.1
      vertex 12.9072 -5 0.914805
      vertex 12.8421 -5 1.01213
    endloop
  endfacet
  facet normal 0 -1 0
    outer loop
      vertex 12.63 -5 1.1
      vertex 12.93 -5 0.800001
      vertex 12.9072 -5 0.914805
    endloop
  endfacet
  facet normal 0 -1 0
    outer loop
      vertex 12.63 -5 1.1
      vertex 12.9072 -5 0.685196
      vertex 12.93 -5 0.800001
    endloop
  endfacet
  facet normal 0 -1 0
    outer loop
      vertex 12.63 -5 1.1
      vertex 12.8421 -5 0.587868
      vertex 12.9072 -5 0.685196
    endloop
  endfacet
  facet normal 0 -1 0
    outer loop
      vertex 12.63 -5 1.1
      vertex 12.7448 -5 0.522836
      vertex 12.8421 -5 0.587868
    endloop
  endfacet
  facet normal -0 -1 0
    outer loop
      vertex 12.7448 -5 0.522836
      vertex 12.63 -5 1.1
      vertex 12.63 -5 0.500002
    endloop
  endfacet
  facet normal 0.555666 0 0.831406
    outer loop
      vertex 12.7448 5 1.07716
      vertex 12.8421 -5 1.01213
      vertex 12.8421 5 1.01213
    endloop
  endfacet
  facet normal 0.555666 0 0.831406
    outer loop
      vertex 12.8421 -5 1.01213
      vertex 12.7448 5 1.07716
      vertex 12.7448 -5 1.07716
    endloop
  endfacet
  facet normal 0.555678 0 -0.831398
    outer loop
      vertex 12.7448 -5 0.522836
      vertex 12.8421 5 0.587868
      vertex 12.8421 -5 0.587868
    endloop
  endfacet
  facet normal 0.555678 0 -0.831398
    outer loop
      vertex 12.8421 5 0.587868
      vertex 12.7448 -5 0.522836
      vertex 12.7448 5 0.522836
    endloop
  endfacet
  facet normal 0.195081 0 -0.980787
    outer loop
      vertex 12.63 -5 0.500002
      vertex 12.7448 5 0.522836
      vertex 12.7448 -5 0.522836
    endloop
  endfacet
  facet normal 0.195081 0 -0.980787
    outer loop
      vertex 12.7448 5 0.522836
      vertex 12.63 -5 0.500002
      vertex 12.63 5 0.500002
    endloop
  endfacet
  facet normal 0.19513 0 0.980777
    outer loop
      vertex 12.63 5 1.1
      vertex 12.7448 -5 1.07716
      vertex 12.7448 5 1.07716
    endloop
  endfacet
  facet normal 0.19513 0 0.980777
    outer loop
      vertex 12.7448 -5 1.07716
      vertex 12.63 5 1.1
      vertex 12.63 -5 1.1
    endloop
  endfacet
  facet normal 0.831195 -0 0.555981
    outer loop
      vertex 12.8421 -5 1.01213
      vertex 12.9072 5 0.914805
      vertex 12.8421 5 1.01213
    endloop
  endfacet
  facet normal 0.831195 0 0.555981
    outer loop
      vertex 12.9072 5 0.914805
      vertex 12.8421 -5 1.01213
      vertex 12.9072 -5 0.914805
    endloop
  endfacet
  facet normal 0.980844 -0 0.194795
    outer loop
      vertex 12.9072 -5 0.914805
      vertex 12.93 5 0.800001
      vertex 12.9072 5 0.914805
    endloop
  endfacet
  facet normal 0.980844 0 0.194795
    outer loop
      vertex 12.93 5 0.800001
      vertex 12.9072 -5 0.914805
      vertex 12.93 -5 0.800001
    endloop
  endfacet
  facet normal 0 1 0
    outer loop
      vertex 12.8421 5 1.01213
      vertex 12.63 5 1.1
      vertex 12.7448 5 1.07716
    endloop
  endfacet
  facet normal 0 1 0
    outer loop
      vertex 12.9072 5 0.914805
      vertex 12.63 5 1.1
      vertex 12.8421 5 1.01213
    endloop
  endfacet
  facet normal 0 1 0
    outer loop
      vertex 12.93 5 0.800001
      vertex 12.63 5 1.1
      vertex 12.9072 5 0.914805
    endloop
  endfacet
  facet normal 0 1 -0
    outer loop
      vertex 12.9072 5 0.685196
      vertex 12.63 5 1.1
      vertex 12.93 5 0.800001
    endloop
  endfacet
  facet normal 0 1 -0
    outer loop
      vertex 12.8421 5 0.587868
      vertex 12.63 5 1.1
      vertex 12.9072 5 0.685196
    endloop
  endfacet
  facet normal 0 1 -0
    outer loop
      vertex 12.7448 5 0.522836
      vertex 12.63 5 1.1
      vertex 12.8421 5 0.587868
    endloop
  endfacet
  facet normal 0 1 0
    outer loop
      vertex 12.63 5 1.1
      vertex 12.7448 5 0.522836
      vertex 12.63 5 0.500002
    endloop
  endfacet
  facet normal 0.442337 -0.896849 0
    outer loop
      vertex 11.9324 -12.544 5.72205e-07
      vertex 12.065 -12.4786 1.6
      vertex 11.9324 -12.544 1.6
    endloop
  endfacet
  facet normal 0.442337 -0.896849 0
    outer loop
      vertex 12.065 -12.4786 1.6
      vertex 11.9324 -12.544 5.72205e-07
      vertex 12.065 -12.4786 5.72205e-07
    endloop
  endfacet
  facet normal 0.555481 -0.831529 0
    outer loop
      vertex 12.065 -12.4786 5.72205e-07
      vertex 12.1879 -12.3965 1.6
      vertex 12.065 -12.4786 1.6
    endloop
  endfacet
  facet normal 0.555481 -0.831529 0
    outer loop
      vertex 12.1879 -12.3965 1.6
      vertex 12.065 -12.4786 5.72205e-07
      vertex 12.1879 -12.3965 5.72205e-07
    endloop
  endfacet
  facet normal -0.065621 -0.997845 0
    outer loop
      vertex -11.6475 -12.6203 5.72205e-07
      vertex -11.5 -12.63 1.6
      vertex -11.6475 -12.6203 1.6
    endloop
  endfacet
  facet normal -0.065621 -0.997845 -0
    outer loop
      vertex -11.5 -12.63 1.6
      vertex -11.6475 -12.6203 5.72205e-07
      vertex -11.5 -12.63 5.72205e-07
    endloop
  endfacet
  facet normal 1 0 0
    outer loop
      vertex 12.63 11.5 1.6
      vertex 12.63 5 1.1
      vertex 12.63 11.5 5.72205e-07
    endloop
  endfacet
  facet normal 1 0 0
    outer loop
      vertex 12.63 11.5 1.6
      vertex 12.63 -5 1.1
      vertex 12.63 5 1.1
    endloop
  endfacet
  facet normal 1 0 0
    outer loop
      vertex 12.63 -5 1.1
      vertex 12.63 -11.5 1.6
      vertex 12.63 -5 0.500002
    endloop
  endfacet
  facet normal 1 -0 0
    outer loop
      vertex 12.63 -11.5 1.6
      vertex 12.63 -5 1.1
      vertex 12.63 11.5 1.6
    endloop
  endfacet
  facet normal 1 -0 0
    outer loop
      vertex 12.63 5 0.500002
      vertex 12.63 11.5 5.72205e-07
      vertex 12.63 5 1.1
    endloop
  endfacet
  facet normal 1 -0 0
    outer loop
      vertex 12.63 -5 0.500002
      vertex 12.63 11.5 5.72205e-07
      vertex 12.63 5 0.500002
    endloop
  endfacet
  facet normal 1 0 0
    outer loop
      vertex 12.63 -5 0.500002
      vertex 12.63 -11.5 5.72205e-07
      vertex 12.63 11.5 5.72205e-07
    endloop
  endfacet
  facet normal 1 0 0
    outer loop
      vertex 12.63 -11.5 5.72205e-07
      vertex 12.63 -5 0.500002
      vertex 12.63 -11.5 1.6
    endloop
  endfacet
  facet normal 0.831529 -0.555481 0
    outer loop
      vertex 12.3965 -12.1879 1.6
      vertex 12.4786 -12.065 5.72205e-07
      vertex 12.4786 -12.065 1.6
    endloop
  endfacet
  facet normal 0.831529 -0.555481 0
    outer loop
      vertex 12.4786 -12.065 5.72205e-07
      vertex 12.3965 -12.1879 1.6
      vertex 12.3965 -12.1879 5.72205e-07
    endloop
  endfacet
  facet normal 0 0 -1
    outer loop
      vertex -11.5 -12.63 5.72205e-07
      vertex -2 -11.63 5.72205e-07
      vertex -2 -12.63 5.72205e-07
    endloop
  endfacet
  facet normal 0 0 -1
    outer loop
      vertex -2 -11.63 5.72205e-07
      vertex -6.4624 8.71074 5.72205e-07
      vertex -6.45 8.9 5.72205e-07
    endloop
  endfacet
  facet normal 0 0 -1
    outer loop
      vertex -2 -11.63 5.72205e-07
      vertex -6.63973 3.48694 5.72205e-07
      vertex -6.4624 8.71074 5.72205e-07
    endloop
  endfacet
  facet normal 0 0 -1
    outer loop
      vertex -6.76316 5.23067 5.72205e-07
      vertex -6.4624 8.71074 5.72205e-07
      vertex -6.63973 3.48694 5.72205e-07
    endloop
  endfacet
  facet normal 0 0 -1
    outer loop
      vertex -6.4624 8.71074 5.72205e-07
      vertex -6.76316 5.23067 5.72205e-07
      vertex -6.49941 8.52471 5.72205e-07
    endloop
  endfacet
  facet normal 0 -0 -1
    outer loop
      vertex -7.2251 3.48694 5.72205e-07
      vertex -2 -11.63 5.72205e-07
      vertex -12.63 -11.5 5.72205e-07
    endloop
  endfacet
  facet normal 0 0 -1
    outer loop
      vertex -2 -11.63 5.72205e-07
      vertex -7.2251 3.48694 5.72205e-07
      vertex -6.63973 3.48694 5.72205e-07
    endloop
  endfacet
  facet normal 0 0 -1
    outer loop
      vertex -7.2251 3.48694 5.72205e-07
      vertex -8.41167 3.48694 5.72205e-07
      vertex -7.80166 4.43022 5.72205e-07
    endloop
  endfacet
  facet normal -0 0 -1
    outer loop
      vertex -7.2251 3.48694 5.72205e-07
      vertex -12.63 -11.5 5.72205e-07
      vertex -8.41167 3.48694 5.72205e-07
    endloop
  endfacet
  facet normal 0 0 -1
    outer loop
      vertex -12.63 11.5 5.72205e-07
      vertex -8.9318 5.97118 5.72205e-07
      vertex -8.9318 3.48694 5.72205e-07
    endloop
  endfacet
  facet normal 0 0 -1
    outer loop
      vertex -8.9318 5.97118 5.72205e-07
      vertex -9.15574 8.175 5.72205e-07
      vertex -9.05036 8.0173 5.72205e-07
    endloop
  endfacet
  facet normal 0 0 -1
    outer loop
      vertex -8.9318 5.97118 5.72205e-07
      vertex -9.23962 8.34511 5.72205e-07
      vertex -9.15574 8.175 5.72205e-07
    endloop
  endfacet
  facet normal 0 0 -1
    outer loop
      vertex -8.9318 5.97118 5.72205e-07
      vertex -12.63 11.5 5.72205e-07
      vertex -9.23962 8.34511 5.72205e-07
    endloop
  endfacet
  facet normal 0 0 -1
    outer loop
      vertex -9.23962 8.34511 5.72205e-07
      vertex -12.63 11.5 5.72205e-07
      vertex -9.30059 8.52471 5.72205e-07
    endloop
  endfacet
  facet normal 0 0 -1
    outer loop
      vertex -12.63 11.5 5.72205e-07
      vertex -8.9318 3.48694 5.72205e-07
      vertex -12.63 -11.5 5.72205e-07
    endloop
  endfacet
  facet normal -0 0 -1
    outer loop
      vertex -8.41167 3.48694 5.72205e-07
      vertex -12.63 -11.5 5.72205e-07
      vertex -8.9318 3.48694 5.72205e-07
    endloop
  endfacet
  facet normal -0 0 -1
    outer loop
      vertex -2 -11.63 5.72205e-07
      vertex -11.5 -12.63 5.72205e-07
      vertex -12.63 -11.5 5.72205e-07
    endloop
  endfacet
  facet normal 0 0 -1
    outer loop
      vertex -6.76809 5.32953 5.72205e-07
      vertex -6.49941 8.52471 5.72205e-07
      vertex -6.76316 5.23067 5.72205e-07
    endloop
  endfacet
  facet normal 0 0 -1
    outer loop
      vertex -6.49941 8.52471 5.72205e-07
      vertex -6.76809 5.32953 5.72205e-07
      vertex -6.56037 8.34511 5.72205e-07
    endloop
  endfacet
  facet normal 0 0 -1
    outer loop
      vertex -6.78287 5.42159 5.72205e-07
      vertex -6.56037 8.34511 5.72205e-07
      vertex -6.76809 5.32953 5.72205e-07
    endloop
  endfacet
  facet normal 0 0 -1
    outer loop
      vertex -6.63973 3.48694 5.72205e-07
      vertex -6.76618 5.15757 5.72205e-07
      vertex -6.76316 5.23067 5.72205e-07
    endloop
  endfacet
  facet normal 0 0 -1
    outer loop
      vertex -6.63973 3.48694 5.72205e-07
      vertex -6.77524 5.08737 5.72205e-07
      vertex -6.76618 5.15757 5.72205e-07
    endloop
  endfacet
  facet normal 0 0 -1
    outer loop
      vertex -6.63973 3.48694 5.72205e-07
      vertex -6.79037 5.02011 5.72205e-07
      vertex -6.77524 5.08737 5.72205e-07
    endloop
  endfacet
  facet normal 0 0 -1
    outer loop
      vertex -6.63973 3.48694 5.72205e-07
      vertex -6.81153 4.95575 5.72205e-07
      vertex -6.79037 5.02011 5.72205e-07
    endloop
  endfacet
  facet normal 0 0 -1
    outer loop
      vertex -6.63973 3.48694 5.72205e-07
      vertex -6.83874 4.89431 5.72205e-07
      vertex -6.81153 4.95575 5.72205e-07
    endloop
  endfacet
  facet normal 0 0 -1
    outer loop
      vertex -6.63973 3.48694 5.72205e-07
      vertex -6.87198 4.83579 5.72205e-07
      vertex -6.83874 4.89431 5.72205e-07
    endloop
  endfacet
  facet normal 0 0 -1
    outer loop
      vertex -6.63973 3.48694 5.72205e-07
      vertex -6.91128 4.78017 5.72205e-07
      vertex -6.87198 4.83579 5.72205e-07
    endloop
  endfacet
  facet normal 0 0 -1
    outer loop
      vertex -6.63973 3.48694 5.72205e-07
      vertex -6.95572 4.72867 5.72205e-07
      vertex -6.91128 4.78017 5.72205e-07
    endloop
  endfacet
  facet normal 0 0 -1
    outer loop
      vertex -6.63973 3.48694 5.72205e-07
      vertex -7.0044 4.68247 5.72205e-07
      vertex -6.95572 4.72867 5.72205e-07
    endloop
  endfacet
  facet normal 0 0 -1
    outer loop
      vertex -6.63973 3.48694 5.72205e-07
      vertex -7.05733 4.64154 5.72205e-07
      vertex -7.0044 4.68247 5.72205e-07
    endloop
  endfacet
  facet normal 0 0 -1
    outer loop
      vertex -6.63973 3.48694 5.72205e-07
      vertex -7.11451 4.6059 5.72205e-07
      vertex -7.05733 4.64154 5.72205e-07
    endloop
  endfacet
  facet normal 0 0 -1
    outer loop
      vertex -6.63973 3.48694 5.72205e-07
      vertex -7.17592 4.57555 5.72205e-07
      vertex -7.11451 4.6059 5.72205e-07
    endloop
  endfacet
  facet normal 0 0 -1
    outer loop
      vertex -6.63973 3.48694 5.72205e-07
      vertex -7.24158 4.55049 5.72205e-07
      vertex -7.17592 4.57555 5.72205e-07
    endloop
  endfacet
  facet normal 0 -0 -1
    outer loop
      vertex -7.24158 4.55049 5.72205e-07
      vertex -6.63973 3.48694 5.72205e-07
      vertex -7.3115 4.53072 5.72205e-07
    endloop
  endfacet
  facet normal 0 0 -1
    outer loop
      vertex -6.80753 5.50685 5.72205e-07
      vertex -6.56037 8.34511 5.72205e-07
      vertex -6.78287 5.42159 5.72205e-07
    endloop
  endfacet
  facet normal 0 0 -1
    outer loop
      vertex -6.56037 8.34511 5.72205e-07
      vertex -6.80753 5.50685 5.72205e-07
      vertex -6.64426 8.175 5.72205e-07
    endloop
  endfacet
  facet normal 0 0 -1
    outer loop
      vertex -6.84203 5.58531 5.72205e-07
      vertex -6.64426 8.175 5.72205e-07
      vertex -6.80753 5.50685 5.72205e-07
    endloop
  endfacet
  facet normal 0 0 -1
    outer loop
      vertex -6.64426 8.175 5.72205e-07
      vertex -6.84203 5.58531 5.72205e-07
      vertex -6.74964 8.0173 5.72205e-07
    endloop
  endfacet
  facet normal 0 0 -1
    outer loop
      vertex -6.8864 5.65697 5.72205e-07
      vertex -6.74964 8.0173 5.72205e-07
      vertex -6.84203 5.58531 5.72205e-07
    endloop
  endfacet
  facet normal 0 0 -1
    outer loop
      vertex -6.74964 8.0173 5.72205e-07
      vertex -6.8864 5.65697 5.72205e-07
      vertex -6.87469 7.87469 5.72205e-07
    endloop
  endfacet
  facet normal 0 0 -1
    outer loop
      vertex -6.94063 5.72182 5.72205e-07
      vertex -6.87469 7.87469 5.72205e-07
      vertex -6.8864 5.65697 5.72205e-07
    endloop
  endfacet
  facet normal 0 0 -1
    outer loop
      vertex -7.00472 5.77986 5.72205e-07
      vertex -6.87469 7.87469 5.72205e-07
      vertex -6.94063 5.72182 5.72205e-07
    endloop
  endfacet
  facet normal 0 0 -1
    outer loop
      vertex -7.00472 5.77986 5.72205e-07
      vertex -7.0173 7.74964 5.72205e-07
      vertex -6.87469 7.87469 5.72205e-07
    endloop
  endfacet
  facet normal 0 0 -1
    outer loop
      vertex -7.07787 5.83063 5.72205e-07
      vertex -7.0173 7.74964 5.72205e-07
      vertex -7.00472 5.77986 5.72205e-07
    endloop
  endfacet
  facet normal 0 0 -1
    outer loop
      vertex -7.175 7.64426 5.72205e-07
      vertex -7.07787 5.83063 5.72205e-07
      vertex -7.15931 5.87357 5.72205e-07
    endloop
  endfacet
  facet normal 0 0 -1
    outer loop
      vertex -7.07787 5.83063 5.72205e-07
      vertex -7.175 7.64426 5.72205e-07
      vertex -7.0173 7.74964 5.72205e-07
    endloop
  endfacet
  facet normal 0 0 -1
    outer loop
      vertex -7.34511 7.56037 5.72205e-07
      vertex -7.15931 5.87357 5.72205e-07
      vertex -7.249 5.90871 5.72205e-07
    endloop
  endfacet
  facet normal 0 0 -1
    outer loop
      vertex -7.15931 5.87357 5.72205e-07
      vertex -7.34511 7.56037 5.72205e-07
      vertex -7.175 7.64426 5.72205e-07
    endloop
  endfacet
  facet normal 0 0 -1
    outer loop
      vertex -7.34699 5.93604 5.72205e-07
      vertex -7.34511 7.56037 5.72205e-07
      vertex -7.249 5.90871 5.72205e-07
    endloop
  endfacet
  facet normal 0 0 -1
    outer loop
      vertex -7.52471 7.49941 5.72205e-07
      vertex -7.34699 5.93604 5.72205e-07
      vertex -7.45324 5.95555 5.72205e-07
    endloop
  endfacet
  facet normal 0 0 -1
    outer loop
      vertex -7.34699 5.93604 5.72205e-07
      vertex -7.52471 7.49941 5.72205e-07
      vertex -7.34511 7.56037 5.72205e-07
    endloop
  endfacet
  facet normal 0 0 -1
    outer loop
      vertex -7.56777 5.96727 5.72205e-07
      vertex -7.52471 7.49941 5.72205e-07
      vertex -7.45324 5.95555 5.72205e-07
    endloop
  endfacet
  facet normal 0 0 -1
    outer loop
      vertex -7.71074 7.4624 5.72205e-07
      vertex -7.56777 5.96727 5.72205e-07
      vertex -7.69057 5.97118 5.72205e-07
    endloop
  endfacet
  facet normal 0 0 -1
    outer loop
      vertex -7.56777 5.96727 5.72205e-07
      vertex -7.71074 7.4624 5.72205e-07
      vertex -7.52471 7.49941 5.72205e-07
    endloop
  endfacet
  facet normal 0 0 -1
    outer loop
      vertex -7.69057 5.97118 5.72205e-07
      vertex -7.9 7.45 5.72205e-07
      vertex -7.71074 7.4624 5.72205e-07
    endloop
  endfacet
  facet normal 0 0 -1
    outer loop
      vertex -7.69057 5.97118 5.72205e-07
      vertex -8.08926 7.4624 5.72205e-07
      vertex -7.9 7.45 5.72205e-07
    endloop
  endfacet
  facet normal 0 0 -1
    outer loop
      vertex -8.9318 5.97118 5.72205e-07
      vertex -8.08926 7.4624 5.72205e-07
      vertex -7.69057 5.97118 5.72205e-07
    endloop
  endfacet
  facet normal -0 0 -1
    outer loop
      vertex -8.08926 7.4624 5.72205e-07
      vertex -8.9318 5.97118 5.72205e-07
      vertex -8.27529 7.49941 5.72205e-07
    endloop
  endfacet
  facet normal -0 0 -1
    outer loop
      vertex -8.27529 7.49941 5.72205e-07
      vertex -8.9318 5.97118 5.72205e-07
      vertex -8.45489 7.56037 5.72205e-07
    endloop
  endfacet
  facet normal -0 0 -1
    outer loop
      vertex -8.45489 7.56037 5.72205e-07
      vertex -8.9318 5.97118 5.72205e-07
      vertex -8.625 7.64426 5.72205e-07
    endloop
  endfacet
  facet normal -0 0 -1
    outer loop
      vertex -8.625 7.64426 5.72205e-07
      vertex -8.9318 5.97118 5.72205e-07
      vertex -8.7827 7.74964 5.72205e-07
    endloop
  endfacet
  facet normal -0 0 -1
    outer loop
      vertex -8.7827 7.74964 5.72205e-07
      vertex -8.9318 5.97118 5.72205e-07
      vertex -8.9253 7.87469 5.72205e-07
    endloop
  endfacet
  facet normal -0 0 -1
    outer loop
      vertex -8.9253 7.87469 5.72205e-07
      vertex -8.9318 5.97118 5.72205e-07
      vertex -9.05036 8.0173 5.72205e-07
    endloop
  endfacet
  facet normal -0 0 -1
    outer loop
      vertex -7.80166 4.43022 5.72205e-07
      vertex -8.41167 3.48694 5.72205e-07
      vertex -8.41167 4.43022 5.72205e-07
    endloop
  endfacet
  facet normal 0 0 -1
    outer loop
      vertex 9.04134 4.39505 5.72205e-07
      vertex 8.92512 5.28792 5.72205e-07
      vertex 8.92751 5.34702 5.72205e-07
    endloop
  endfacet
  facet normal 0 0 -1
    outer loop
      vertex 8.98981 4.5076 5.72205e-07
      vertex 8.91794 5.23152 5.72205e-07
      vertex 8.92512 5.28792 5.72205e-07
    endloop
  endfacet
  facet normal 0 0 -1
    outer loop
      vertex 8.86768 5.07851 5.72205e-07
      vertex 8.9544 4.55777 5.72205e-07
      vertex 8.91253 4.60388 5.72205e-07
    endloop
  endfacet
  facet normal 0 0 -1
    outer loop
      vertex 8.98981 4.5076 5.72205e-07
      vertex 8.90597 5.17783 5.72205e-07
      vertex 8.91794 5.23152 5.72205e-07
    endloop
  endfacet
  facet normal 0 0 -1
    outer loop
      vertex 8.98981 4.5076 5.72205e-07
      vertex 8.88923 5.12682 5.72205e-07
      vertex 8.90597 5.17783 5.72205e-07
    endloop
  endfacet
  facet normal 0 0 -1
    outer loop
      vertex 8.9544 4.55777 5.72205e-07
      vertex 8.86768 5.07851 5.72205e-07
      vertex 8.88923 5.12682 5.72205e-07
    endloop
  endfacet
  facet normal 0 0 -1
    outer loop
      vertex 8.84136 5.0329 5.72205e-07
      vertex 8.91253 4.60388 5.72205e-07
      vertex 8.86452 4.64553 5.72205e-07
    endloop
  endfacet
  facet normal 0 0 -1
    outer loop
      vertex 8.91253 4.60388 5.72205e-07
      vertex 8.84136 5.0329 5.72205e-07
      vertex 8.86768 5.07851 5.72205e-07
    endloop
  endfacet
  facet normal 0 0 -1
    outer loop
      vertex 8.81025 4.98999 5.72205e-07
      vertex 8.86452 4.64553 5.72205e-07
      vertex 8.81063 4.68233 5.72205e-07
    endloop
  endfacet
  facet normal 0 0 -1
    outer loop
      vertex 8.86452 4.64553 5.72205e-07
      vertex 8.81025 4.98999 5.72205e-07
      vertex 8.84136 5.0329 5.72205e-07
    endloop
  endfacet
  facet normal 0 0 -1
    outer loop
      vertex 8.81063 4.68233 5.72205e-07
      vertex 8.77425 4.95037 5.72205e-07
      vertex 8.81025 4.98999 5.72205e-07
    endloop
  endfacet
  facet normal 0 0 -1
    outer loop
      vertex 8.75089 4.71425 5.72205e-07
      vertex 8.77425 4.95037 5.72205e-07
      vertex 8.81063 4.68233 5.72205e-07
    endloop
  endfacet
  facet normal 0 0 -1
    outer loop
      vertex 8.75089 4.71425 5.72205e-07
      vertex 8.73325 4.91458 5.72205e-07
      vertex 8.77425 4.95037 5.72205e-07
    endloop
  endfacet
  facet normal 0 0 -1
    outer loop
      vertex 8.75089 4.71425 5.72205e-07
      vertex 8.68726 4.88265 5.72205e-07
      vertex 8.73325 4.91458 5.72205e-07
    endloop
  endfacet
  facet normal 0 0 -1
    outer loop
      vertex 8.68528 4.74132 5.72205e-07
      vertex 8.68726 4.88265 5.72205e-07
      vertex 8.75089 4.71425 5.72205e-07
    endloop
  endfacet
  facet normal 0 0 -1
    outer loop
      vertex 8.68528 4.74132 5.72205e-07
      vertex 8.63625 4.85456 5.72205e-07
      vertex 8.68726 4.88265 5.72205e-07
    endloop
  endfacet
  facet normal 0 0 -1
    outer loop
      vertex 8.61379 4.76354 5.72205e-07
      vertex 8.63625 4.85456 5.72205e-07
      vertex 8.68528 4.74132 5.72205e-07
    endloop
  endfacet
  facet normal 0 0 -1
    outer loop
      vertex 8.61379 4.76354 5.72205e-07
      vertex 8.58025 4.83033 5.72205e-07
      vertex 8.63625 4.85456 5.72205e-07
    endloop
  endfacet
  facet normal 0 0 -1
    outer loop
      vertex 8.53646 4.7809 5.72205e-07
      vertex 8.58025 4.83033 5.72205e-07
      vertex 8.61379 4.76354 5.72205e-07
    endloop
  endfacet
  facet normal 0 0 -1
    outer loop
      vertex 8.53646 4.7809 5.72205e-07
      vertex 8.51925 4.80994 5.72205e-07
      vertex 8.58025 4.83033 5.72205e-07
    endloop
  endfacet
  facet normal 0 -0 -1
    outer loop
      vertex 8.51925 4.80994 5.72205e-07
      vertex 8.53646 4.7809 5.72205e-07
      vertex 8.45324 4.7934 5.72205e-07
    endloop
  endfacet
  facet normal 0 0 -1
    outer loop
      vertex 11.5 -12.63 5.72205e-07
      vertex 12.63 -11.5 5.72205e-07
      vertex 12.6203 -11.6475 5.72205e-07
    endloop
  endfacet
  facet normal 0 0 -1
    outer loop
      vertex 12.63 -11.5 5.72205e-07
      vertex 9.0496 4.0148 5.72205e-07
      vertex 12.63 11.5 5.72205e-07
    endloop
  endfacet
  facet normal 0 0 -1
    outer loop
      vertex 11.5 -12.63 5.72205e-07
      vertex 12.6203 -11.6475 5.72205e-07
      vertex 12.5915 -11.7925 5.72205e-07
    endloop
  endfacet
  facet normal 0 -0 -1
    outer loop
      vertex 9.06515 4.10215 5.72205e-07
      vertex 12.63 11.5 5.72205e-07
      vertex 9.0496 4.0148 5.72205e-07
    endloop
  endfacet
  facet normal 0 0 -1
    outer loop
      vertex 11.5 -12.63 5.72205e-07
      vertex 12.5915 -11.7925 5.72205e-07
      vertex 12.544 -11.9324 5.72205e-07
    endloop
  endfacet
  facet normal 0 -0 -1
    outer loop
      vertex 9.07033 4.19573 5.72205e-07
      vertex 12.63 11.5 5.72205e-07
      vertex 9.06515 4.10215 5.72205e-07
    endloop
  endfacet
  facet normal 0 0 -1
    outer loop
      vertex 11.5 -12.63 5.72205e-07
      vertex 12.544 -11.9324 5.72205e-07
      vertex 12.4786 -12.065 5.72205e-07
    endloop
  endfacet
  facet normal 0 0 -1
    outer loop
      vertex 9.06711 4.26624 5.72205e-07
      vertex 12.63 11.5 5.72205e-07
      vertex 9.07033 4.19573 5.72205e-07
    endloop
  endfacet
  facet normal 0 0 -1
    outer loop
      vertex 11.5 -12.63 5.72205e-07
      vertex 12.4786 -12.065 5.72205e-07
      vertex 12.3965 -12.1879 5.72205e-07
    endloop
  endfacet
  facet normal 0 0 -1
    outer loop
      vertex 9.05744 4.33267 5.72205e-07
      vertex 12.63 11.5 5.72205e-07
      vertex 9.06711 4.26624 5.72205e-07
    endloop
  endfacet
  facet normal 0 0 -1
    outer loop
      vertex 11.5 -12.63 5.72205e-07
      vertex 12.3965 -12.1879 5.72205e-07
      vertex 12.299 -12.299 5.72205e-07
    endloop
  endfacet
  facet normal 0 0 -1
    outer loop
      vertex 8.92751 5.34702 5.72205e-07
      vertex 12.63 11.5 5.72205e-07
      vertex 9.05744 4.33267 5.72205e-07
    endloop
  endfacet
  facet normal 0 0 -1
    outer loop
      vertex 11.5 -12.63 5.72205e-07
      vertex 12.299 -12.299 5.72205e-07
      vertex 12.1879 -12.3965 5.72205e-07
    endloop
  endfacet
  facet normal 0 -0 -1
    outer loop
      vertex 9.30059 8.52471 5.72205e-07
      vertex 12.63 11.5 5.72205e-07
      vertex 9.23962 8.34511 5.72205e-07
    endloop
  endfacet
  facet normal 0 0 -1
    outer loop
      vertex 11.5 -12.63 5.72205e-07
      vertex 12.1879 -12.3965 5.72205e-07
      vertex 12.065 -12.4786 5.72205e-07
    endloop
  endfacet
  facet normal 0 -0 -1
    outer loop
      vertex 9.33759 8.71074 5.72205e-07
      vertex 12.63 11.5 5.72205e-07
      vertex 9.30059 8.52471 5.72205e-07
    endloop
  endfacet
  facet normal 0 0 -1
    outer loop
      vertex 11.5 -12.63 5.72205e-07
      vertex 12.065 -12.4786 5.72205e-07
      vertex 11.9324 -12.544 5.72205e-07
    endloop
  endfacet
  facet normal 0 -0 -1
    outer loop
      vertex 9.35 8.9 5.72205e-07
      vertex 12.63 11.5 5.72205e-07
      vertex 9.33759 8.71074 5.72205e-07
    endloop
  endfacet
  facet normal 0 0 -1
    outer loop
      vertex 11.5 -12.63 5.72205e-07
      vertex 11.9324 -12.544 5.72205e-07
      vertex 11.7925 -12.5915 5.72205e-07
    endloop
  endfacet
  facet normal 0 0 -1
    outer loop
      vertex 9.33759 9.08926 5.72205e-07
      vertex 12.63 11.5 5.72205e-07
      vertex 9.35 8.9 5.72205e-07
    endloop
  endfacet
  facet normal 0 0 -1
    outer loop
      vertex 11.5 -12.63 5.72205e-07
      vertex 11.7925 -12.5915 5.72205e-07
      vertex 11.6475 -12.6203 5.72205e-07
    endloop
  endfacet
  facet normal 0 0 -1
    outer loop
      vertex 9.23962 9.45489 5.72205e-07
      vertex 12.63 11.5 5.72205e-07
      vertex 9.30059 9.27529 5.72205e-07
    endloop
  endfacet
  facet normal 0 0 -1
    outer loop
      vertex 12.63 -11.5 5.72205e-07
      vertex 11.5 -12.63 5.72205e-07
      vertex 2 -11.63 5.72205e-07
    endloop
  endfacet
  facet normal 0 0 -1
    outer loop
      vertex 9.15574 9.625 5.72205e-07
      vertex 12.63 11.5 5.72205e-07
      vertex 9.23962 9.45489 5.72205e-07
    endloop
  endfacet
  facet normal 0 -0 -1
    outer loop
      vertex 11.5 12.63 5.72205e-07
      vertex 12.63 11.5 5.72205e-07
      vertex 9.15574 9.625 5.72205e-07
    endloop
  endfacet
  facet normal 0 0 -1
    outer loop
      vertex 12.1879 12.3965 5.72205e-07
      vertex 11.5 12.63 5.72205e-07
      vertex 12.065 12.4786 5.72205e-07
    endloop
  endfacet
  facet normal 0 0 -1
    outer loop
      vertex 12.5915 11.7925 5.72205e-07
      vertex 11.5 12.63 5.72205e-07
      vertex 12.544 11.9324 5.72205e-07
    endloop
  endfacet
  facet normal 0 0 -1
    outer loop
      vertex 12.4786 12.065 5.72205e-07
      vertex 11.5 12.63 5.72205e-07
      vertex 12.3965 12.1879 5.72205e-07
    endloop
  endfacet
  facet normal 0 0 -1
    outer loop
      vertex 12.299 12.299 5.72205e-07
      vertex 11.5 12.63 5.72205e-07
      vertex 12.1879 12.3965 5.72205e-07
    endloop
  endfacet
  facet normal 0 0 -1
    outer loop
      vertex 12.544 11.9324 5.72205e-07
      vertex 11.5 12.63 5.72205e-07
      vertex 12.4786 12.065 5.72205e-07
    endloop
  endfacet
  facet normal 0 0 -1
    outer loop
      vertex 12.6203 11.6475 5.72205e-07
      vertex 11.5 12.63 5.72205e-07
      vertex 12.5915 11.7925 5.72205e-07
    endloop
  endfacet
  facet normal 0 0 -1
    outer loop
      vertex 8.92274 5.4321 5.72205e-07
      vertex 12.63 11.5 5.72205e-07
      vertex 8.92751 5.34702 5.72205e-07
    endloop
  endfacet
  facet normal 0 0 -1
    outer loop
      vertex 12.63 -11.5 5.72205e-07
      vertex 9.02369 3.93375 5.72205e-07
      vertex 9.0496 4.0148 5.72205e-07
    endloop
  endfacet
  facet normal 0 0 -1
    outer loop
      vertex 12.63 -11.5 5.72205e-07
      vertex 8.98742 3.85894 5.72205e-07
      vertex 9.02369 3.93375 5.72205e-07
    endloop
  endfacet
  facet normal 0 0 -1
    outer loop
      vertex 12.63 -11.5 5.72205e-07
      vertex 8.94079 3.79038 5.72205e-07
      vertex 8.98742 3.85894 5.72205e-07
    endloop
  endfacet
  facet normal 0 0 -1
    outer loop
      vertex 12.63 -11.5 5.72205e-07
      vertex 8.88379 3.72809 5.72205e-07
      vertex 8.94079 3.79038 5.72205e-07
    endloop
  endfacet
  facet normal 0 0 -1
    outer loop
      vertex 12.63 -11.5 5.72205e-07
      vertex 8.81644 3.67206 5.72205e-07
      vertex 8.88379 3.72809 5.72205e-07
    endloop
  endfacet
  facet normal 0 0 -1
    outer loop
      vertex 12.63 -11.5 5.72205e-07
      vertex 8.73987 3.62296 5.72205e-07
      vertex 8.81644 3.67206 5.72205e-07
    endloop
  endfacet
  facet normal 0 0 -1
    outer loop
      vertex 12.63 -11.5 5.72205e-07
      vertex 8.65523 3.58139 5.72205e-07
      vertex 8.73987 3.62296 5.72205e-07
    endloop
  endfacet
  facet normal 0 0 -1
    outer loop
      vertex 12.63 -11.5 5.72205e-07
      vertex 8.56255 3.5474 5.72205e-07
      vertex 8.65523 3.58139 5.72205e-07
    endloop
  endfacet
  facet normal 0 0 -1
    outer loop
      vertex 12.63 -11.5 5.72205e-07
      vertex 8.4618 3.52095 5.72205e-07
      vertex 8.56255 3.5474 5.72205e-07
    endloop
  endfacet
  facet normal 0 0 -1
    outer loop
      vertex 12.63 -11.5 5.72205e-07
      vertex 8.35299 3.50206 5.72205e-07
      vertex 8.4618 3.52095 5.72205e-07
    endloop
  endfacet
  facet normal 0 0 -1
    outer loop
      vertex 12.63 -11.5 5.72205e-07
      vertex 8.23612 3.49073 5.72205e-07
      vertex 8.35299 3.50206 5.72205e-07
    endloop
  endfacet
  facet normal 0 0 -1
    outer loop
      vertex 12.63 -11.5 5.72205e-07
      vertex 8.11118 3.48694 5.72205e-07
      vertex 8.23612 3.49073 5.72205e-07
    endloop
  endfacet
  facet normal 0 0 -1
    outer loop
      vertex 12.63 -11.5 5.72205e-07
      vertex 6.8682 3.48694 5.72205e-07
      vertex 8.11118 3.48694 5.72205e-07
    endloop
  endfacet
  facet normal 0 0 -1
    outer loop
      vertex -6.45 8.9 5.72205e-07
      vertex 6.8682 5.97118 5.72205e-07
      vertex 6.8682 3.48694 5.72205e-07
    endloop
  endfacet
  facet normal 0 0 -1
    outer loop
      vertex 6.8682 5.97118 5.72205e-07
      vertex 6.64426 8.175 5.72205e-07
      vertex 6.74964 8.0173 5.72205e-07
    endloop
  endfacet
  facet normal 0 0 -1
    outer loop
      vertex 6.8682 5.97118 5.72205e-07
      vertex 6.56037 8.34511 5.72205e-07
      vertex 6.64426 8.175 5.72205e-07
    endloop
  endfacet
  facet normal -0 -0 -1
    outer loop
      vertex 6.49941 8.52471 5.72205e-07
      vertex 6.8682 5.97118 5.72205e-07
      vertex -6.45 8.9 5.72205e-07
    endloop
  endfacet
  facet normal 0 0 -1
    outer loop
      vertex 6.8682 5.97118 5.72205e-07
      vertex 6.49941 8.52471 5.72205e-07
      vertex 6.56037 8.34511 5.72205e-07
    endloop
  endfacet
  facet normal 0 0 -1
    outer loop
      vertex -2 -11.63 5.72205e-07
      vertex 6.8682 3.48694 5.72205e-07
      vertex 2 -11.63 5.72205e-07
    endloop
  endfacet
  facet normal -0 0 -1
    outer loop
      vertex 12.63 -11.5 5.72205e-07
      vertex 2 -11.63 5.72205e-07
      vertex 6.8682 3.48694 5.72205e-07
    endloop
  endfacet
  facet normal 0 0 -1
    outer loop
      vertex 2 -11.63 5.72205e-07
      vertex 11.5 -12.63 5.72205e-07
      vertex 2 -12.63 5.72205e-07
    endloop
  endfacet
  facet normal 0 0 -1
    outer loop
      vertex 12.065 12.4786 5.72205e-07
      vertex 11.5 12.63 5.72205e-07
      vertex 11.9324 12.544 5.72205e-07
    endloop
  endfacet
  facet normal 0 0 -1
    outer loop
      vertex 11.9324 12.544 5.72205e-07
      vertex 11.5 12.63 5.72205e-07
      vertex 11.7925 12.5915 5.72205e-07
    endloop
  endfacet
  facet normal 0 0 -1
    outer loop
      vertex 11.7925 12.5915 5.72205e-07
      vertex 11.5 12.63 5.72205e-07
      vertex 11.6475 12.6203 5.72205e-07
    endloop
  endfacet
  facet normal 0 0 -1
    outer loop
      vertex 12.3965 12.1879 5.72205e-07
      vertex 11.5 12.63 5.72205e-07
      vertex 12.299 12.299 5.72205e-07
    endloop
  endfacet
  facet normal 0 0 -1
    outer loop
      vertex 9.05036 9.7827 5.72205e-07
      vertex 11.5 12.63 5.72205e-07
      vertex 9.15574 9.625 5.72205e-07
    endloop
  endfacet
  facet normal 0 0 -1
    outer loop
      vertex 8.9253 9.9253 5.72205e-07
      vertex 11.5 12.63 5.72205e-07
      vertex 9.05036 9.7827 5.72205e-07
    endloop
  endfacet
  facet normal 0 0 -1
    outer loop
      vertex 8.7827 10.0504 5.72205e-07
      vertex 11.5 12.63 5.72205e-07
      vertex 8.9253 9.9253 5.72205e-07
    endloop
  endfacet
  facet normal 0 0 -1
    outer loop
      vertex 8.625 10.1557 5.72205e-07
      vertex 11.5 12.63 5.72205e-07
      vertex 8.7827 10.0504 5.72205e-07
    endloop
  endfacet
  facet normal 0 0 -1
    outer loop
      vertex 8.45489 10.2396 5.72205e-07
      vertex 11.5 12.63 5.72205e-07
      vertex 8.625 10.1557 5.72205e-07
    endloop
  endfacet
  facet normal 0 0 -1
    outer loop
      vertex 8.27529 10.3006 5.72205e-07
      vertex 11.5 12.63 5.72205e-07
      vertex 8.45489 10.2396 5.72205e-07
    endloop
  endfacet
  facet normal 0 0 -1
    outer loop
      vertex 8.08926 10.3376 5.72205e-07
      vertex 11.5 12.63 5.72205e-07
      vertex 8.27529 10.3006 5.72205e-07
    endloop
  endfacet
  facet normal 0 0 -1
    outer loop
      vertex 7.9 10.35 5.72205e-07
      vertex 11.5 12.63 5.72205e-07
      vertex 8.08926 10.3376 5.72205e-07
    endloop
  endfacet
  facet normal 0 0 -1
    outer loop
      vertex 7.71074 10.3376 5.72205e-07
      vertex 11.5 12.63 5.72205e-07
      vertex 7.9 10.35 5.72205e-07
    endloop
  endfacet
  facet normal 0 0 -1
    outer loop
      vertex 7.52471 10.3006 5.72205e-07
      vertex 11.5 12.63 5.72205e-07
      vertex 7.71074 10.3376 5.72205e-07
    endloop
  endfacet
  facet normal 0 0 -1
    outer loop
      vertex 7.34511 10.2396 5.72205e-07
      vertex 11.5 12.63 5.72205e-07
      vertex 7.52471 10.3006 5.72205e-07
    endloop
  endfacet
  facet normal 0 0 -1
    outer loop
      vertex -7.34511 10.2396 5.72205e-07
      vertex 7.34511 10.2396 5.72205e-07
      vertex 7.175 10.1557 5.72205e-07
    endloop
  endfacet
  facet normal 0 0 -1
    outer loop
      vertex -6.45 8.9 5.72205e-07
      vertex 6.8682 3.48694 5.72205e-07
      vertex -2 -11.63 5.72205e-07
    endloop
  endfacet
  facet normal 0 0 -1
    outer loop
      vertex 6.4624 8.71074 5.72205e-07
      vertex -6.45 8.9 5.72205e-07
      vertex 6.45 8.9 5.72205e-07
    endloop
  endfacet
  facet normal 0 0 -1
    outer loop
      vertex 6.45 8.9 5.72205e-07
      vertex -6.45 8.9 5.72205e-07
      vertex 6.4624 9.08926 5.72205e-07
    endloop
  endfacet
  facet normal 0 0 -1
    outer loop
      vertex 6.49941 8.52471 5.72205e-07
      vertex -6.45 8.9 5.72205e-07
      vertex 6.4624 8.71074 5.72205e-07
    endloop
  endfacet
  facet normal 0 0 -1
    outer loop
      vertex -6.4624 9.08926 5.72205e-07
      vertex 6.4624 9.08926 5.72205e-07
      vertex -6.45 8.9 5.72205e-07
    endloop
  endfacet
  facet normal 0 0 -1
    outer loop
      vertex 6.4624 9.08926 5.72205e-07
      vertex -6.4624 9.08926 5.72205e-07
      vertex 6.49941 9.27529 5.72205e-07
    endloop
  endfacet
  facet normal 0 0 -1
    outer loop
      vertex -6.49941 9.27529 5.72205e-07
      vertex 6.49941 9.27529 5.72205e-07
      vertex -6.4624 9.08926 5.72205e-07
    endloop
  endfacet
  facet normal 0 0 -1
    outer loop
      vertex 6.49941 9.27529 5.72205e-07
      vertex -6.49941 9.27529 5.72205e-07
      vertex 6.56037 9.45489 5.72205e-07
    endloop
  endfacet
  facet normal 0 0 -1
    outer loop
      vertex -6.56037 9.45489 5.72205e-07
      vertex 6.56037 9.45489 5.72205e-07
      vertex -6.49941 9.27529 5.72205e-07
    endloop
  endfacet
  facet normal 0 0 -1
    outer loop
      vertex 6.56037 9.45489 5.72205e-07
      vertex -6.56037 9.45489 5.72205e-07
      vertex 6.64426 9.625 5.72205e-07
    endloop
  endfacet
  facet normal 0 0 -1
    outer loop
      vertex -6.64426 9.625 5.72205e-07
      vertex 6.64426 9.625 5.72205e-07
      vertex -6.56037 9.45489 5.72205e-07
    endloop
  endfacet
  facet normal 0 0 -1
    outer loop
      vertex 6.64426 9.625 5.72205e-07
      vertex -6.64426 9.625 5.72205e-07
      vertex 6.74964 9.7827 5.72205e-07
    endloop
  endfacet
  facet normal 0 0 -1
    outer loop
      vertex -6.74964 9.7827 5.72205e-07
      vertex 6.74964 9.7827 5.72205e-07
      vertex -6.64426 9.625 5.72205e-07
    endloop
  endfacet
  facet normal 0 0 -1
    outer loop
      vertex 6.74964 9.7827 5.72205e-07
      vertex -6.74964 9.7827 5.72205e-07
      vertex 6.87469 9.9253 5.72205e-07
    endloop
  endfacet
  facet normal 0 0 -1
    outer loop
      vertex -6.87469 9.9253 5.72205e-07
      vertex 6.87469 9.9253 5.72205e-07
      vertex -6.74964 9.7827 5.72205e-07
    endloop
  endfacet
  facet normal 0 0 -1
    outer loop
      vertex 6.87469 9.9253 5.72205e-07
      vertex -6.87469 9.9253 5.72205e-07
      vertex 7.0173 10.0504 5.72205e-07
    endloop
  endfacet
  facet normal 0 0 -1
    outer loop
      vertex -7.0173 10.0504 5.72205e-07
      vertex 7.0173 10.0504 5.72205e-07
      vertex -6.87469 9.9253 5.72205e-07
    endloop
  endfacet
  facet normal 0 0 -1
    outer loop
      vertex 7.0173 10.0504 5.72205e-07
      vertex -7.0173 10.0504 5.72205e-07
      vertex 7.175 10.1557 5.72205e-07
    endloop
  endfacet
  facet normal 0 0 -1
    outer loop
      vertex -7.175 10.1557 5.72205e-07
      vertex 7.175 10.1557 5.72205e-07
      vertex -7.0173 10.0504 5.72205e-07
    endloop
  endfacet
  facet normal 0 0 -1
    outer loop
      vertex -7.34511 10.2396 5.72205e-07
      vertex 7.175 10.1557 5.72205e-07
      vertex -7.175 10.1557 5.72205e-07
    endloop
  endfacet
  facet normal 0 0 -1
    outer loop
      vertex 7.34511 10.2396 5.72205e-07
      vertex -7.34511 10.2396 5.72205e-07
      vertex 11.5 12.63 5.72205e-07
    endloop
  endfacet
  facet normal 0 0 -1
    outer loop
      vertex -11.5 12.63 5.72205e-07
      vertex -7.34511 10.2396 5.72205e-07
      vertex -7.52471 10.3006 5.72205e-07
    endloop
  endfacet
  facet normal 0 0 -1
    outer loop
      vertex -11.5 12.63 5.72205e-07
      vertex -7.52471 10.3006 5.72205e-07
      vertex -7.71074 10.3376 5.72205e-07
    endloop
  endfacet
  facet normal 0 0 -1
    outer loop
      vertex -11.5 12.63 5.72205e-07
      vertex -7.71074 10.3376 5.72205e-07
      vertex -7.9 10.35 5.72205e-07
    endloop
  endfacet
  facet normal 0 0 -1
    outer loop
      vertex -11.5 12.63 5.72205e-07
      vertex -7.9 10.35 5.72205e-07
      vertex -8.08926 10.3376 5.72205e-07
    endloop
  endfacet
  facet normal 0 0 -1
    outer loop
      vertex -9.30059 8.52471 5.72205e-07
      vertex -12.63 11.5 5.72205e-07
      vertex -9.33759 8.71074 5.72205e-07
    endloop
  endfacet
  facet normal 0 0 -1
    outer loop
      vertex -7.34511 10.2396 5.72205e-07
      vertex -11.5 12.63 5.72205e-07
      vertex 11.5 12.63 5.72205e-07
    endloop
  endfacet
  facet normal 0 0 -1
    outer loop
      vertex -8.27529 10.3006 5.72205e-07
      vertex -11.5 12.63 5.72205e-07
      vertex -8.08926 10.3376 5.72205e-07
    endloop
  endfacet
  facet normal 0 0 -1
    outer loop
      vertex -8.45489 10.2396 5.72205e-07
      vertex -11.5 12.63 5.72205e-07
      vertex -8.27529 10.3006 5.72205e-07
    endloop
  endfacet
  facet normal 0 0 -1
    outer loop
      vertex -8.625 10.1557 5.72205e-07
      vertex -11.5 12.63 5.72205e-07
      vertex -8.45489 10.2396 5.72205e-07
    endloop
  endfacet
  facet normal 0 0 -1
    outer loop
      vertex -8.7827 10.0504 5.72205e-07
      vertex -11.5 12.63 5.72205e-07
      vertex -8.625 10.1557 5.72205e-07
    endloop
  endfacet
  facet normal 0 0 -1
    outer loop
      vertex -8.9253 9.9253 5.72205e-07
      vertex -11.5 12.63 5.72205e-07
      vertex -8.7827 10.0504 5.72205e-07
    endloop
  endfacet
  facet normal 0 0 -1
    outer loop
      vertex -9.05036 9.7827 5.72205e-07
      vertex -11.5 12.63 5.72205e-07
      vertex -8.9253 9.9253 5.72205e-07
    endloop
  endfacet
  facet normal 0 0 -1
    outer loop
      vertex -9.15574 9.625 5.72205e-07
      vertex -11.5 12.63 5.72205e-07
      vertex -9.05036 9.7827 5.72205e-07
    endloop
  endfacet
  facet normal 0 0 -1
    outer loop
      vertex -12.63 11.5 5.72205e-07
      vertex -9.15574 9.625 5.72205e-07
      vertex -9.23962 9.45489 5.72205e-07
    endloop
  endfacet
  facet normal 0 0 -1
    outer loop
      vertex -12.63 11.5 5.72205e-07
      vertex -9.23962 9.45489 5.72205e-07
      vertex -9.30059 9.27529 5.72205e-07
    endloop
  endfacet
  facet normal 0 0 -1
    outer loop
      vertex -12.63 11.5 5.72205e-07
      vertex -9.30059 9.27529 5.72205e-07
      vertex -9.33759 9.08926 5.72205e-07
    endloop
  endfacet
  facet normal 0 0 -1
    outer loop
      vertex -9.33759 8.71074 5.72205e-07
      vertex -12.63 11.5 5.72205e-07
      vertex -9.35 8.9 5.72205e-07
    endloop
  endfacet
  facet normal 0 0 -1
    outer loop
      vertex -12.63 -11.5 5.72205e-07
      vertex -11.5 -12.63 5.72205e-07
      vertex -11.6475 -12.6203 5.72205e-07
    endloop
  endfacet
  facet normal 0 0 -1
    outer loop
      vertex -9.35 8.9 5.72205e-07
      vertex -12.63 11.5 5.72205e-07
      vertex -9.33759 9.08926 5.72205e-07
    endloop
  endfacet
  facet normal 0 0 -1
    outer loop
      vertex -12.63 -11.5 5.72205e-07
      vertex -11.6475 -12.6203 5.72205e-07
      vertex -11.7925 -12.5915 5.72205e-07
    endloop
  endfacet
  facet normal 0 0 -1
    outer loop
      vertex -9.15574 9.625 5.72205e-07
      vertex -12.63 11.5 5.72205e-07
      vertex -11.5 12.63 5.72205e-07
    endloop
  endfacet
  facet normal 0 0 -1
    outer loop
      vertex -12.63 -11.5 5.72205e-07
      vertex -11.7925 -12.5915 5.72205e-07
      vertex -11.9324 -12.544 5.72205e-07
    endloop
  endfacet
  facet normal 0 0 -1
    outer loop
      vertex -11.5 12.63 5.72205e-07
      vertex -12.63 11.5 5.72205e-07
      vertex -11.6475 12.6203 5.72205e-07
    endloop
  endfacet
  facet normal 0 0 -1
    outer loop
      vertex -12.63 -11.5 5.72205e-07
      vertex -11.9324 -12.544 5.72205e-07
      vertex -12.065 -12.4786 5.72205e-07
    endloop
  endfacet
  facet normal 0 0 -1
    outer loop
      vertex -11.6475 12.6203 5.72205e-07
      vertex -12.63 11.5 5.72205e-07
      vertex -11.7925 12.5915 5.72205e-07
    endloop
  endfacet
  facet normal 0 0 -1
    outer loop
      vertex -12.63 -11.5 5.72205e-07
      vertex -12.065 -12.4786 5.72205e-07
      vertex -12.1879 -12.3965 5.72205e-07
    endloop
  endfacet
  facet normal 0 0 -1
    outer loop
      vertex -11.7925 12.5915 5.72205e-07
      vertex -12.63 11.5 5.72205e-07
      vertex -11.9324 12.544 5.72205e-07
    endloop
  endfacet
  facet normal 0 0 -1
    outer loop
      vertex -12.63 -11.5 5.72205e-07
      vertex -12.1879 -12.3965 5.72205e-07
      vertex -12.299 -12.299 5.72205e-07
    endloop
  endfacet
  facet normal 0 0 -1
    outer loop
      vertex -11.9324 12.544 5.72205e-07
      vertex -12.63 11.5 5.72205e-07
      vertex -12.065 12.4786 5.72205e-07
    endloop
  endfacet
  facet normal 0 0 -1
    outer loop
      vertex -12.63 -11.5 5.72205e-07
      vertex -12.299 -12.299 5.72205e-07
      vertex -12.3965 -12.1879 5.72205e-07
    endloop
  endfacet
  facet normal 0 0 -1
    outer loop
      vertex -12.065 12.4786 5.72205e-07
      vertex -12.63 11.5 5.72205e-07
      vertex -12.1879 12.3965 5.72205e-07
    endloop
  endfacet
  facet normal 0 0 -1
    outer loop
      vertex -12.63 -11.5 5.72205e-07
      vertex -12.3965 -12.1879 5.72205e-07
      vertex -12.4786 -12.065 5.72205e-07
    endloop
  endfacet
  facet normal 0 0 -1
    outer loop
      vertex -12.1879 12.3965 5.72205e-07
      vertex -12.63 11.5 5.72205e-07
      vertex -12.299 12.299 5.72205e-07
    endloop
  endfacet
  facet normal 0 0 -1
    outer loop
      vertex -12.63 -11.5 5.72205e-07
      vertex -12.4786 -12.065 5.72205e-07
      vertex -12.544 -11.9324 5.72205e-07
    endloop
  endfacet
  facet normal 0 0 -1
    outer loop
      vertex -12.299 12.299 5.72205e-07
      vertex -12.63 11.5 5.72205e-07
      vertex -12.3965 12.1879 5.72205e-07
    endloop
  endfacet
  facet normal 0 0 -1
    outer loop
      vertex -12.63 -11.5 5.72205e-07
      vertex -12.544 -11.9324 5.72205e-07
      vertex -12.5915 -11.7925 5.72205e-07
    endloop
  endfacet
  facet normal 0 0 -1
    outer loop
      vertex -12.3965 12.1879 5.72205e-07
      vertex -12.63 11.5 5.72205e-07
      vertex -12.4786 12.065 5.72205e-07
    endloop
  endfacet
  facet normal 0 0 -1
    outer loop
      vertex -12.63 -11.5 5.72205e-07
      vertex -12.5915 -11.7925 5.72205e-07
      vertex -12.6203 -11.6475 5.72205e-07
    endloop
  endfacet
  facet normal 0 0 -1
    outer loop
      vertex -12.4786 12.065 5.72205e-07
      vertex -12.63 11.5 5.72205e-07
      vertex -12.544 11.9324 5.72205e-07
    endloop
  endfacet
  facet normal 0 0 -1
    outer loop
      vertex -12.544 11.9324 5.72205e-07
      vertex -12.63 11.5 5.72205e-07
      vertex -12.5915 11.7925 5.72205e-07
    endloop
  endfacet
  facet normal 0 0 -1
    outer loop
      vertex -12.5915 11.7925 5.72205e-07
      vertex -12.63 11.5 5.72205e-07
      vertex -12.6203 11.6475 5.72205e-07
    endloop
  endfacet
  facet normal 0 0 -1
    outer loop
      vertex 12.63 11.5 5.72205e-07
      vertex 11.5 12.63 5.72205e-07
      vertex 12.6203 11.6475 5.72205e-07
    endloop
  endfacet
  facet normal 0 0 -1
    outer loop
      vertex 9.30059 9.27529 5.72205e-07
      vertex 12.63 11.5 5.72205e-07
      vertex 9.33759 9.08926 5.72205e-07
    endloop
  endfacet
  facet normal 0 0 -1
    outer loop
      vertex 8.90844 5.51102 5.72205e-07
      vertex 9.23962 8.34511 5.72205e-07
      vertex 8.92274 5.4321 5.72205e-07
    endloop
  endfacet
  facet normal 0 0 -1
    outer loop
      vertex 8.92751 5.34702 5.72205e-07
      vertex 9.05744 4.33267 5.72205e-07
      vertex 9.04134 4.39505 5.72205e-07
    endloop
  endfacet
  facet normal 0 0 -1
    outer loop
      vertex 8.92512 5.28792 5.72205e-07
      vertex 9.04134 4.39505 5.72205e-07
      vertex 9.0188 4.45336 5.72205e-07
    endloop
  endfacet
  facet normal 0 0 -1
    outer loop
      vertex 8.92512 5.28792 5.72205e-07
      vertex 9.0188 4.45336 5.72205e-07
      vertex 8.98981 4.5076 5.72205e-07
    endloop
  endfacet
  facet normal 0 0 -1
    outer loop
      vertex 8.88923 5.12682 5.72205e-07
      vertex 8.98981 4.5076 5.72205e-07
      vertex 8.9544 4.55777 5.72205e-07
    endloop
  endfacet
  facet normal 0 -0 -1
    outer loop
      vertex 9.23962 8.34511 5.72205e-07
      vertex 12.63 11.5 5.72205e-07
      vertex 8.92274 5.4321 5.72205e-07
    endloop
  endfacet
  facet normal 0 0 -1
    outer loop
      vertex 9.23962 8.34511 5.72205e-07
      vertex 8.90844 5.51102 5.72205e-07
      vertex 9.15574 8.175 5.72205e-07
    endloop
  endfacet
  facet normal 0 0 -1
    outer loop
      vertex 8.8846 5.5838 5.72205e-07
      vertex 9.15574 8.175 5.72205e-07
      vertex 8.90844 5.51102 5.72205e-07
    endloop
  endfacet
  facet normal 0 0 -1
    outer loop
      vertex 9.15574 8.175 5.72205e-07
      vertex 8.8846 5.5838 5.72205e-07
      vertex 9.05036 8.0173 5.72205e-07
    endloop
  endfacet
  facet normal 0 0 -1
    outer loop
      vertex 8.85123 5.65042 5.72205e-07
      vertex 9.05036 8.0173 5.72205e-07
      vertex 8.8846 5.5838 5.72205e-07
    endloop
  endfacet
  facet normal 0 0 -1
    outer loop
      vertex 9.05036 8.0173 5.72205e-07
      vertex 8.85123 5.65042 5.72205e-07
      vertex 8.9253 7.87469 5.72205e-07
    endloop
  endfacet
  facet normal 0 0 -1
    outer loop
      vertex 8.80832 5.71088 5.72205e-07
      vertex 8.9253 7.87469 5.72205e-07
      vertex 8.85123 5.65042 5.72205e-07
    endloop
  endfacet
  facet normal 0 0 -1
    outer loop
      vertex 8.75588 5.7652 5.72205e-07
      vertex 8.9253 7.87469 5.72205e-07
      vertex 8.80832 5.71088 5.72205e-07
    endloop
  endfacet
  facet normal 0 0 -1
    outer loop
      vertex 8.9253 7.87469 5.72205e-07
      vertex 8.75588 5.7652 5.72205e-07
      vertex 8.7827 7.74964 5.72205e-07
    endloop
  endfacet
  facet normal 0 0 -1
    outer loop
      vertex 8.6939 5.81336 5.72205e-07
      vertex 8.7827 7.74964 5.72205e-07
      vertex 8.75588 5.7652 5.72205e-07
    endloop
  endfacet
  facet normal 0 0 -1
    outer loop
      vertex 8.6939 5.81336 5.72205e-07
      vertex 8.625 7.64426 5.72205e-07
      vertex 8.7827 7.74964 5.72205e-07
    endloop
  endfacet
  facet normal 0 0 -1
    outer loop
      vertex 8.62264 5.85523 5.72205e-07
      vertex 8.625 7.64426 5.72205e-07
      vertex 8.6939 5.81336 5.72205e-07
    endloop
  endfacet
  facet normal 0 0 -1
    outer loop
      vertex 8.54235 5.89066 5.72205e-07
      vertex 8.625 7.64426 5.72205e-07
      vertex 8.62264 5.85523 5.72205e-07
    endloop
  endfacet
  facet normal 0 0 -1
    outer loop
      vertex 8.54235 5.89066 5.72205e-07
      vertex 8.45489 7.56037 5.72205e-07
      vertex 8.625 7.64426 5.72205e-07
    endloop
  endfacet
  facet normal 0 0 -1
    outer loop
      vertex 8.45302 5.91965 5.72205e-07
      vertex 8.45489 7.56037 5.72205e-07
      vertex 8.54235 5.89066 5.72205e-07
    endloop
  endfacet
  facet normal 0 0 -1
    outer loop
      vertex 8.27529 7.49941 5.72205e-07
      vertex 8.45302 5.91965 5.72205e-07
      vertex 8.35467 5.94219 5.72205e-07
    endloop
  endfacet
  facet normal 0 0 -1
    outer loop
      vertex 8.45302 5.91965 5.72205e-07
      vertex 8.27529 7.49941 5.72205e-07
      vertex 8.45489 7.56037 5.72205e-07
    endloop
  endfacet
  facet normal 0 0 -1
    outer loop
      vertex 8.24727 5.9583 5.72205e-07
      vertex 8.27529 7.49941 5.72205e-07
      vertex 8.35467 5.94219 5.72205e-07
    endloop
  endfacet
  facet normal 0 0 -1
    outer loop
      vertex 8.08926 7.4624 5.72205e-07
      vertex 8.24727 5.9583 5.72205e-07
      vertex 8.13085 5.96796 5.72205e-07
    endloop
  endfacet
  facet normal 0 0 -1
    outer loop
      vertex 8.24727 5.9583 5.72205e-07
      vertex 8.08926 7.4624 5.72205e-07
      vertex 8.27529 7.49941 5.72205e-07
    endloop
  endfacet
  facet normal 0 0 -1
    outer loop
      vertex 8.00539 5.97118 5.72205e-07
      vertex 8.08926 7.4624 5.72205e-07
      vertex 8.13085 5.96796 5.72205e-07
    endloop
  endfacet
  facet normal 0 0 -1
    outer loop
      vertex 8.00539 5.97118 5.72205e-07
      vertex 7.9 7.45 5.72205e-07
      vertex 8.08926 7.4624 5.72205e-07
    endloop
  endfacet
  facet normal 0 0 -1
    outer loop
      vertex 8.00539 5.97118 5.72205e-07
      vertex 7.71074 7.4624 5.72205e-07
      vertex 7.9 7.45 5.72205e-07
    endloop
  endfacet
  facet normal 0 0 -1
    outer loop
      vertex 8.00539 5.97118 5.72205e-07
      vertex 7.52471 7.49941 5.72205e-07
      vertex 7.71074 7.4624 5.72205e-07
    endloop
  endfacet
  facet normal 0 0 -1
    outer loop
      vertex 6.8682 5.97118 5.72205e-07
      vertex 7.52471 7.49941 5.72205e-07
      vertex 8.00539 5.97118 5.72205e-07
    endloop
  endfacet
  facet normal -0 0 -1
    outer loop
      vertex 7.52471 7.49941 5.72205e-07
      vertex 6.8682 5.97118 5.72205e-07
      vertex 7.34511 7.56037 5.72205e-07
    endloop
  endfacet
  facet normal -0 0 -1
    outer loop
      vertex 7.34511 7.56037 5.72205e-07
      vertex 6.8682 5.97118 5.72205e-07
      vertex 7.175 7.64426 5.72205e-07
    endloop
  endfacet
  facet normal -0 0 -1
    outer loop
      vertex 7.175 7.64426 5.72205e-07
      vertex 6.8682 5.97118 5.72205e-07
      vertex 7.0173 7.74964 5.72205e-07
    endloop
  endfacet
  facet normal -0 0 -1
    outer loop
      vertex 7.0173 7.74964 5.72205e-07
      vertex 6.8682 5.97118 5.72205e-07
      vertex 6.87469 7.87469 5.72205e-07
    endloop
  endfacet
  facet normal -0 0 -1
    outer loop
      vertex 6.87469 7.87469 5.72205e-07
      vertex 6.8682 5.97118 5.72205e-07
      vertex 6.74964 8.0173 5.72205e-07
    endloop
  endfacet
  facet normal 0 0 -1
    outer loop
      vertex -7.51581 4.8662 5.72205e-07
      vertex -7.28913 5.16025 5.72205e-07
      vertex -7.29604 5.11423 5.72205e-07
    endloop
  endfacet
  facet normal 0 0 -1
    outer loop
      vertex -7.56316 4.8521 5.72205e-07
      vertex -7.28913 5.16025 5.72205e-07
      vertex -7.51581 4.8662 5.72205e-07
    endloop
  endfacet
  facet normal 0 0 -1
    outer loop
      vertex -7.47278 4.88433 5.72205e-07
      vertex -7.29604 5.11423 5.72205e-07
      vertex -7.30755 5.07144 5.72205e-07
    endloop
  endfacet
  facet normal 0 0 -1
    outer loop
      vertex -7.47278 4.88433 5.72205e-07
      vertex -7.30755 5.07144 5.72205e-07
      vertex -7.32368 5.03189 5.72205e-07
    endloop
  endfacet
  facet normal 0 0 -1
    outer loop
      vertex -7.28683 5.20951 5.72205e-07
      vertex -7.52071 5.53821 5.72205e-07
      vertex -7.29618 5.30446 5.72205e-07
    endloop
  endfacet
  facet normal 0 0 -1
    outer loop
      vertex -7.47278 4.88433 5.72205e-07
      vertex -7.32368 5.03189 5.72205e-07
      vertex -7.3444 4.99559 5.72205e-07
    endloop
  endfacet
  facet normal 0 0 -1
    outer loop
      vertex -7.47278 4.88433 5.72205e-07
      vertex -7.3444 4.99559 5.72205e-07
      vertex -7.36973 4.96251 5.72205e-07
    endloop
  endfacet
  facet normal -0 -0 -1
    outer loop
      vertex -7.43651 5.50168 5.72205e-07
      vertex -7.29618 5.30446 5.72205e-07
      vertex -7.52071 5.53821 5.72205e-07
    endloop
  endfacet
  facet normal 0 0 -1
    outer loop
      vertex -7.43406 4.9065 5.72205e-07
      vertex -7.36973 4.96251 5.72205e-07
      vertex -7.39966 4.93268 5.72205e-07
    endloop
  endfacet
  facet normal 0 0 -1
    outer loop
      vertex -7.47278 4.88433 5.72205e-07
      vertex -7.36973 4.96251 5.72205e-07
      vertex -7.43406 4.9065 5.72205e-07
    endloop
  endfacet
  facet normal 0 0 -1
    outer loop
      vertex -7.32424 5.38481 5.72205e-07
      vertex -7.43651 5.50168 5.72205e-07
      vertex -7.37102 5.45055 5.72205e-07
    endloop
  endfacet
  facet normal 0 0 -1
    outer loop
      vertex -7.29604 5.11423 5.72205e-07
      vertex -7.47278 4.88433 5.72205e-07
      vertex -7.51581 4.8662 5.72205e-07
    endloop
  endfacet
  facet normal -0 0 -1
    outer loop
      vertex -7.28913 5.16025 5.72205e-07
      vertex -7.56316 4.8521 5.72205e-07
      vertex -7.28683 5.20951 5.72205e-07
    endloop
  endfacet
  facet normal 0 0 -1
    outer loop
      vertex -7.29618 5.30446 5.72205e-07
      vertex -7.43651 5.50168 5.72205e-07
      vertex -7.32424 5.38481 5.72205e-07
    endloop
  endfacet
  facet normal -0 0 -1
    outer loop
      vertex -7.28683 5.20951 5.72205e-07
      vertex -7.56316 4.8521 5.72205e-07
      vertex -7.52071 5.53821 5.72205e-07
    endloop
  endfacet
  facet normal 0 0 -1
    outer loop
      vertex -7.62362 5.56012 5.72205e-07
      vertex -7.56316 4.8521 5.72205e-07
      vertex -7.61483 4.84203 5.72205e-07
    endloop
  endfacet
  facet normal 0 0 -1
    outer loop
      vertex -7.56316 4.8521 5.72205e-07
      vertex -7.62362 5.56012 5.72205e-07
      vertex -7.52071 5.53821 5.72205e-07
    endloop
  endfacet
  facet normal 0 0 -1
    outer loop
      vertex -7.67081 4.83597 5.72205e-07
      vertex -7.62362 5.56012 5.72205e-07
      vertex -7.61483 4.84203 5.72205e-07
    endloop
  endfacet
  facet normal 0 0 -1
    outer loop
      vertex -7.74523 5.56742 5.72205e-07
      vertex -7.67081 4.83597 5.72205e-07
      vertex -7.73112 4.83396 5.72205e-07
    endloop
  endfacet
  facet normal 0 0 -1
    outer loop
      vertex -7.67081 4.83597 5.72205e-07
      vertex -7.74523 5.56742 5.72205e-07
      vertex -7.62362 5.56012 5.72205e-07
    endloop
  endfacet
  facet normal 0 0 -1
    outer loop
      vertex -8.41167 4.83396 5.72205e-07
      vertex -7.74523 5.56742 5.72205e-07
      vertex -7.73112 4.83396 5.72205e-07
    endloop
  endfacet
  facet normal -0 0 -1
    outer loop
      vertex -7.74523 5.56742 5.72205e-07
      vertex -8.41167 4.83396 5.72205e-07
      vertex -8.41167 5.56742 5.72205e-07
    endloop
  endfacet
  facet normal 0 0 -1
    outer loop
      vertex 8.19668 4.99475 5.72205e-07
      vertex 8.40388 5.27651 5.72205e-07
      vertex 8.40183 5.23424 5.72205e-07
    endloop
  endfacet
  facet normal 0 0 -1
    outer loop
      vertex 8.23746 5.00884 5.72205e-07
      vertex 8.40183 5.23424 5.72205e-07
      vertex 8.39574 5.19512 5.72205e-07
    endloop
  endfacet
  facet normal 0 0 -1
    outer loop
      vertex 8.18682 5.56201 5.72205e-07
      vertex 8.40388 5.27651 5.72205e-07
      vertex 8.19668 4.99475 5.72205e-07
    endloop
  endfacet
  facet normal 0 0 -1
    outer loop
      vertex 8.23746 5.00884 5.72205e-07
      vertex 8.39574 5.19512 5.72205e-07
      vertex 8.38556 5.15911 5.72205e-07
    endloop
  endfacet
  facet normal 0 0 -1
    outer loop
      vertex 8.40388 5.27651 5.72205e-07
      vertex 8.18682 5.56201 5.72205e-07
      vertex 8.40169 5.32239 5.72205e-07
    endloop
  endfacet
  facet normal 0 0 -1
    outer loop
      vertex 8.27332 5.02606 5.72205e-07
      vertex 8.38556 5.15911 5.72205e-07
      vertex 8.37134 5.12624 5.72205e-07
    endloop
  endfacet
  facet normal -0 -0 -1
    outer loop
      vertex 8.26461 5.53322 5.72205e-07
      vertex 8.39516 5.36431 5.72205e-07
      vertex 8.22782 5.54906 5.72205e-07
    endloop
  endfacet
  facet normal 0 0 -1
    outer loop
      vertex 8.27332 5.02606 5.72205e-07
      vertex 8.37134 5.12624 5.72205e-07
      vertex 8.35303 5.0965 5.72205e-07
    endloop
  endfacet
  facet normal 0 0 -1
    outer loop
      vertex 8.39516 5.36431 5.72205e-07
      vertex 8.26461 5.53322 5.72205e-07
      vertex 8.38428 5.40226 5.72205e-07
    endloop
  endfacet
  facet normal 0 0 -1
    outer loop
      vertex 8.27332 5.02606 5.72205e-07
      vertex 8.35303 5.0965 5.72205e-07
      vertex 8.33066 5.06989 5.72205e-07
    endloop
  endfacet
  facet normal 0 0 -1
    outer loop
      vertex 8.38428 5.40226 5.72205e-07
      vertex 8.29719 5.51451 5.72205e-07
      vertex 8.36904 5.43627 5.72205e-07
    endloop
  endfacet
  facet normal 0 0 -1
    outer loop
      vertex 8.27332 5.02606 5.72205e-07
      vertex 8.33066 5.06989 5.72205e-07
      vertex 8.30424 5.0464 5.72205e-07
    endloop
  endfacet
  facet normal 0 0 -1
    outer loop
      vertex 8.36904 5.43627 5.72205e-07
      vertex 8.29719 5.51451 5.72205e-07
      vertex 8.34945 5.46631 5.72205e-07
    endloop
  endfacet
  facet normal 0 0 -1
    outer loop
      vertex 8.38556 5.15911 5.72205e-07
      vertex 8.27332 5.02606 5.72205e-07
      vertex 8.23746 5.00884 5.72205e-07
    endloop
  endfacet
  facet normal 0 0 -1
    outer loop
      vertex 8.34945 5.46631 5.72205e-07
      vertex 8.29719 5.51451 5.72205e-07
      vertex 8.32549 5.49239 5.72205e-07
    endloop
  endfacet
  facet normal 0 0 -1
    outer loop
      vertex 8.40183 5.23424 5.72205e-07
      vertex 8.23746 5.00884 5.72205e-07
      vertex 8.19668 4.99475 5.72205e-07
    endloop
  endfacet
  facet normal -0 -0 -1
    outer loop
      vertex 8.29719 5.51451 5.72205e-07
      vertex 8.38428 5.40226 5.72205e-07
      vertex 8.26461 5.53322 5.72205e-07
    endloop
  endfacet
  facet normal -0 -0 -1
    outer loop
      vertex 8.22782 5.54906 5.72205e-07
      vertex 8.40169 5.32239 5.72205e-07
      vertex 8.18682 5.56201 5.72205e-07
    endloop
  endfacet
  facet normal 0 0 -1
    outer loop
      vertex 8.40169 5.32239 5.72205e-07
      vertex 8.22782 5.54906 5.72205e-07
      vertex 8.39516 5.36431 5.72205e-07
    endloop
  endfacet
  facet normal 0 0 -1
    outer loop
      vertex 8.15096 4.9838 5.72205e-07
      vertex 8.18682 5.56201 5.72205e-07
      vertex 8.19668 4.99475 5.72205e-07
    endloop
  endfacet
  facet normal 0 0 -1
    outer loop
      vertex 8.15096 4.9838 5.72205e-07
      vertex 8.14162 5.5721 5.72205e-07
      vertex 8.18682 5.56201 5.72205e-07
    endloop
  endfacet
  facet normal 0 0 -1
    outer loop
      vertex 8.10033 4.97597 5.72205e-07
      vertex 8.14162 5.5721 5.72205e-07
      vertex 8.15096 4.9838 5.72205e-07
    endloop
  endfacet
  facet normal 0 0 -1
    outer loop
      vertex 8.10033 4.97597 5.72205e-07
      vertex 8.0922 5.57929 5.72205e-07
      vertex 8.14162 5.5721 5.72205e-07
    endloop
  endfacet
  facet normal 0 0 -1
    outer loop
      vertex 8.04476 4.97127 5.72205e-07
      vertex 8.0922 5.57929 5.72205e-07
      vertex 8.10033 4.97597 5.72205e-07
    endloop
  endfacet
  facet normal 0 0 -1
    outer loop
      vertex 8.04476 4.97127 5.72205e-07
      vertex 8.03856 5.58361 5.72205e-07
      vertex 8.0922 5.57929 5.72205e-07
    endloop
  endfacet
  facet normal 0 0 -1
    outer loop
      vertex 7.98426 4.96971 5.72205e-07
      vertex 8.03856 5.58361 5.72205e-07
      vertex 8.04476 4.97127 5.72205e-07
    endloop
  endfacet
  facet normal 0 0 -1
    outer loop
      vertex 7.98426 4.96971 5.72205e-07
      vertex 7.98072 5.58506 5.72205e-07
      vertex 8.03856 5.58361 5.72205e-07
    endloop
  endfacet
  facet normal 0 0 -1
    outer loop
      vertex 7.38833 4.96971 5.72205e-07
      vertex 7.98072 5.58506 5.72205e-07
      vertex 7.98426 4.96971 5.72205e-07
    endloop
  endfacet
  facet normal -0 0 -1
    outer loop
      vertex 7.98072 5.58506 5.72205e-07
      vertex 7.38833 4.96971 5.72205e-07
      vertex 7.38833 5.58506 5.72205e-07
    endloop
  endfacet
  facet normal 0 0 -1
    outer loop
      vertex 8.30919 3.90271 5.72205e-07
      vertex 8.5461 4.18624 5.72205e-07
      vertex 8.53902 4.13991 5.72205e-07
    endloop
  endfacet
  facet normal -0 0 -1
    outer loop
      vertex 8.5461 4.18624 5.72205e-07
      vertex 8.30919 3.90271 5.72205e-07
      vertex 8.54845 4.23627 5.72205e-07
    endloop
  endfacet
  facet normal 0 0 -1
    outer loop
      vertex 8.35596 3.91939 5.72205e-07
      vertex 8.53902 4.13991 5.72205e-07
      vertex 8.52724 4.09729 5.72205e-07
    endloop
  endfacet
  facet normal 0 0 -1
    outer loop
      vertex 8.39721 3.93978 5.72205e-07
      vertex 8.52724 4.09729 5.72205e-07
      vertex 8.51075 4.05838 5.72205e-07
    endloop
  endfacet
  facet normal 0 0 -1
    outer loop
      vertex 8.53902 4.13991 5.72205e-07
      vertex 8.35596 3.91939 5.72205e-07
      vertex 8.30919 3.90271 5.72205e-07
    endloop
  endfacet
  facet normal 0 0 -1
    outer loop
      vertex 8.39721 3.93978 5.72205e-07
      vertex 8.51075 4.05838 5.72205e-07
      vertex 8.48954 4.02317 5.72205e-07
    endloop
  endfacet
  facet normal 0 0 -1
    outer loop
      vertex 8.39721 3.93978 5.72205e-07
      vertex 8.48954 4.02317 5.72205e-07
      vertex 8.4636 3.99166 5.72205e-07
    endloop
  endfacet
  facet normal -0 -0 -1
    outer loop
      vertex 8.45649 4.47138 5.72205e-07
      vertex 8.53823 4.32889 5.72205e-07
      vertex 8.38495 4.52124 5.72205e-07
    endloop
  endfacet
  facet normal 0 0 -1
    outer loop
      vertex 8.39721 3.93978 5.72205e-07
      vertex 8.4636 3.99166 5.72205e-07
      vertex 8.43296 3.96387 5.72205e-07
    endloop
  endfacet
  facet normal 0 0 -1
    outer loop
      vertex 8.52724 4.09729 5.72205e-07
      vertex 8.39721 3.93978 5.72205e-07
      vertex 8.35596 3.91939 5.72205e-07
    endloop
  endfacet
  facet normal 0 0 -1
    outer loop
      vertex 8.53823 4.32889 5.72205e-07
      vertex 8.45649 4.47138 5.72205e-07
      vertex 8.50757 4.40726 5.72205e-07
    endloop
  endfacet
  facet normal -0 0 -1
    outer loop
      vertex 8.54845 4.23627 5.72205e-07
      vertex 8.30919 3.90271 5.72205e-07
      vertex 8.29297 4.55687 5.72205e-07
    endloop
  endfacet
  facet normal -0 -0 -1
    outer loop
      vertex 8.38495 4.52124 5.72205e-07
      vertex 8.54845 4.23627 5.72205e-07
      vertex 8.29297 4.55687 5.72205e-07
    endloop
  endfacet
  facet normal 0 0 -1
    outer loop
      vertex 8.54845 4.23627 5.72205e-07
      vertex 8.38495 4.52124 5.72205e-07
      vertex 8.53823 4.32889 5.72205e-07
    endloop
  endfacet
  facet normal 0 0 -1
    outer loop
      vertex 8.25693 3.88974 5.72205e-07
      vertex 8.29297 4.55687 5.72205e-07
      vertex 8.30919 3.90271 5.72205e-07
    endloop
  endfacet
  facet normal 0 0 -1
    outer loop
      vertex 8.19916 3.88048 5.72205e-07
      vertex 8.29297 4.55687 5.72205e-07
      vertex 8.25693 3.88974 5.72205e-07
    endloop
  endfacet
  facet normal 0 0 -1
    outer loop
      vertex 8.19916 3.88048 5.72205e-07
      vertex 8.18056 4.57825 5.72205e-07
      vertex 8.29297 4.55687 5.72205e-07
    endloop
  endfacet
  facet normal 0 0 -1
    outer loop
      vertex 8.1359 3.87493 5.72205e-07
      vertex 8.18056 4.57825 5.72205e-07
      vertex 8.19916 3.88048 5.72205e-07
    endloop
  endfacet
  facet normal 0 0 -1
    outer loop
      vertex 8.06711 3.87306 5.72205e-07
      vertex 8.18056 4.57825 5.72205e-07
      vertex 8.1359 3.87493 5.72205e-07
    endloop
  endfacet
  facet normal 0 0 -1
    outer loop
      vertex 8.06711 3.87306 5.72205e-07
      vertex 8.04772 4.58536 5.72205e-07
      vertex 8.18056 4.57825 5.72205e-07
    endloop
  endfacet
  facet normal 0 0 -1
    outer loop
      vertex 7.38833 3.87306 5.72205e-07
      vertex 8.04772 4.58536 5.72205e-07
      vertex 8.06711 3.87306 5.72205e-07
    endloop
  endfacet
  facet normal -0 0 -1
    outer loop
      vertex 8.04772 4.58536 5.72205e-07
      vertex 7.38833 3.87306 5.72205e-07
      vertex 7.38833 4.58536 5.72205e-07
    endloop
  endfacet
  facet normal 0 1 -0
    outer loop
      vertex 11.5 12.63 5.72205e-07
      vertex -11.5 12.63 1.6
      vertex 11.5 12.63 1.6
    endloop
  endfacet
  facet normal 0 1 0
    outer loop
      vertex -11.5 12.63 1.6
      vertex 11.5 12.63 5.72205e-07
      vertex -11.5 12.63 5.72205e-07
    endloop
  endfacet
  facet normal -1 0 0
    outer loop
      vertex -12.63 11.5 5.72205e-07
      vertex -12.63 5 0.500002
      vertex -12.63 11.5 1.6
    endloop
  endfacet
  facet normal -1 0 0
    outer loop
      vertex -12.63 11.5 5.72205e-07
      vertex -12.63 -5 0.500002
      vertex -12.63 5 0.500002
    endloop
  endfacet
  facet normal -1 -0 0
    outer loop
      vertex -12.63 -5 0.500002
      vertex -12.63 -11.5 5.72205e-07
      vertex -12.63 -5 1.1
    endloop
  endfacet
  facet normal -1 0 0
    outer loop
      vertex -12.63 -11.5 5.72205e-07
      vertex -12.63 -5 0.500002
      vertex -12.63 11.5 5.72205e-07
    endloop
  endfacet
  facet normal -1 0 0
    outer loop
      vertex -12.63 5 1.1
      vertex -12.63 11.5 1.6
      vertex -12.63 5 0.500002
    endloop
  endfacet
  facet normal -1 0 0
    outer loop
      vertex -12.63 -5 1.1
      vertex -12.63 11.5 1.6
      vertex -12.63 5 1.1
    endloop
  endfacet
  facet normal -1 0 0
    outer loop
      vertex -12.63 -5 1.1
      vertex -12.63 -11.5 1.6
      vertex -12.63 11.5 1.6
    endloop
  endfacet
  facet normal -1 0 0
    outer loop
      vertex -12.63 -11.5 1.6
      vertex -12.63 -5 1.1
      vertex -12.63 -11.5 5.72205e-07
    endloop
  endfacet
  facet normal -0.896849 -0.442337 0
    outer loop
      vertex -12.4786 -12.065 5.72205e-07
      vertex -12.544 -11.9324 1.6
      vertex -12.544 -11.9324 5.72205e-07
    endloop
  endfacet
  facet normal -0.896849 -0.442337 0
    outer loop
      vertex -12.544 -11.9324 1.6
      vertex -12.4786 -12.065 5.72205e-07
      vertex -12.4786 -12.065 1.6
    endloop
  endfacet
  facet normal 0.442337 0.896849 -0
    outer loop
      vertex 12.065 12.4786 5.72205e-07
      vertex 11.9324 12.544 1.6
      vertex 12.065 12.4786 1.6
    endloop
  endfacet
  facet normal 0.442337 0.896849 0
    outer loop
      vertex 11.9324 12.544 1.6
      vertex 12.065 12.4786 5.72205e-07
      vertex 11.9324 12.544 5.72205e-07
    endloop
  endfacet
  facet normal -0.555481 -0.831529 0
    outer loop
      vertex -12.1879 -12.3965 5.72205e-07
      vertex -12.065 -12.4786 1.6
      vertex -12.1879 -12.3965 1.6
    endloop
  endfacet
  facet normal -0.555481 -0.831529 -0
    outer loop
      vertex -12.065 -12.4786 1.6
      vertex -12.1879 -12.3965 5.72205e-07
      vertex -12.065 -12.4786 5.72205e-07
    endloop
  endfacet
  facet normal 0.659472 -0.751729 0
    outer loop
      vertex 12.1879 -12.3965 1.6
      vertex 12.2979 -12.3 1.55
      vertex 12.2979 -12.3 1.6
    endloop
  endfacet
  facet normal 0.659472 -0.751729 0
    outer loop
      vertex 12.1879 -12.3965 5.72205e-07
      vertex 12.2979 -12.3 1.55
      vertex 12.1879 -12.3965 1.6
    endloop
  endfacet
  facet normal 0.659605 -0.751612 -1.68039e-05
    outer loop
      vertex 12.299 -12.299 5.72205e-07
      vertex 12.2979 -12.3 1.55
      vertex 12.1879 -12.3965 5.72205e-07
    endloop
  endfacet
  facet normal 0.672673 -0.73994 0
    outer loop
      vertex 12.2979 -12.3 1.55
      vertex 12.299 -12.299 5.72205e-07
      vertex 12.299 -12.299 1.55
    endloop
  endfacet
  facet normal -0.442337 0.896849 0
    outer loop
      vertex -11.9324 12.544 5.72205e-07
      vertex -12.065 12.4786 1.6
      vertex -11.9324 12.544 1.6
    endloop
  endfacet
  facet normal -0.442337 0.896849 0
    outer loop
      vertex -12.065 12.4786 1.6
      vertex -11.9324 12.544 5.72205e-07
      vertex -12.065 12.4786 5.72205e-07
    endloop
  endfacet
  facet normal -0.831529 0.555481 0
    outer loop
      vertex -12.4786 12.065 5.72205e-07
      vertex -12.3965 12.1879 1.6
      vertex -12.3965 12.1879 5.72205e-07
    endloop
  endfacet
  facet normal -0.831529 0.555481 0
    outer loop
      vertex -12.3965 12.1879 1.6
      vertex -12.4786 12.065 5.72205e-07
      vertex -12.4786 12.065 1.6
    endloop
  endfacet
  facet normal -0.997845 0.065621 0
    outer loop
      vertex -12.63 11.5 5.72205e-07
      vertex -12.6203 11.6475 1.6
      vertex -12.6203 11.6475 5.72205e-07
    endloop
  endfacet
  facet normal -0.997845 0.065621 0
    outer loop
      vertex -12.6203 11.6475 1.6
      vertex -12.63 11.5 5.72205e-07
      vertex -12.63 11.5 1.6
    endloop
  endfacet
  facet normal 0 0 1
    outer loop
      vertex -12.3 -10.1 1.6
      vertex -8.9253 7.87469 1.6
      vertex -12.3 10.1 1.6
    endloop
  endfacet
  facet normal 0 0 1
    outer loop
      vertex -8.9253 7.87469 1.6
      vertex -12.3 -10.1 1.6
      vertex -10.1 -10.1 1.6
    endloop
  endfacet
  facet normal 0 0 1
    outer loop
      vertex 12.065 12.4786 1.6
      vertex 12.2979 12.3 1.6
      vertex 12.1879 12.3965 1.6
    endloop
  endfacet
  facet normal 0 0 1
    outer loop
      vertex 11.9324 12.544 1.6
      vertex 12.2979 12.3 1.6
      vertex 12.065 12.4786 1.6
    endloop
  endfacet
  facet normal 0 0 1
    outer loop
      vertex 11.7925 12.5915 1.6
      vertex 12.2979 12.3 1.6
      vertex 11.9324 12.544 1.6
    endloop
  endfacet
  facet normal 0 0 1
    outer loop
      vertex 11.6475 12.6203 1.6
      vertex 12.2979 12.3 1.6
      vertex 11.7925 12.5915 1.6
    endloop
  endfacet
  facet normal 0 0 1
    outer loop
      vertex 11.5 12.63 1.6
      vertex 12.2979 12.3 1.6
      vertex 11.6475 12.6203 1.6
    endloop
  endfacet
  facet normal 0 0 1
    outer loop
      vertex 11.5 12.63 1.6
      vertex 10.1 12.3 1.6
      vertex 12.2979 12.3 1.6
    endloop
  endfacet
  facet normal -0 0 1
    outer loop
      vertex 8.625 10.1557 1.6
      vertex 10.1 10.1 1.6
      vertex 10.1 12.3 1.6
    endloop
  endfacet
  facet normal 0 0 1
    outer loop
      vertex 9.30059 8.52471 1.6
      vertex 10.1 10.1 1.6
      vertex 9.33759 8.71074 1.6
    endloop
  endfacet
  facet normal 0 0 1
    outer loop
      vertex 10.1 10.1 1.6
      vertex 9.35 8.9 1.6
      vertex 9.33759 8.71074 1.6
    endloop
  endfacet
  facet normal 0 0 1
    outer loop
      vertex 10.1 10.1 1.6
      vertex 9.33759 9.08926 1.6
      vertex 9.35 8.9 1.6
    endloop
  endfacet
  facet normal 0 0 1
    outer loop
      vertex 10.1 10.1 1.6
      vertex 9.30059 9.27529 1.6
      vertex 9.33759 9.08926 1.6
    endloop
  endfacet
  facet normal 0 0 1
    outer loop
      vertex 10.1 10.1 1.6
      vertex 9.23962 9.45489 1.6
      vertex 9.30059 9.27529 1.6
    endloop
  endfacet
  facet normal 0 0 1
    outer loop
      vertex 10.1 10.1 1.6
      vertex 9.15574 9.625 1.6
      vertex 9.23962 9.45489 1.6
    endloop
  endfacet
  facet normal 0 0 1
    outer loop
      vertex 10.1 10.1 1.6
      vertex 9.05036 9.7827 1.6
      vertex 9.15574 9.625 1.6
    endloop
  endfacet
  facet normal 0 0 1
    outer loop
      vertex 10.1 10.1 1.6
      vertex 8.9253 9.9253 1.6
      vertex 9.05036 9.7827 1.6
    endloop
  endfacet
  facet normal 0 0 1
    outer loop
      vertex 10.1 10.1 1.6
      vertex 8.7827 10.0504 1.6
      vertex 8.9253 9.9253 1.6
    endloop
  endfacet
  facet normal 0 0 1
    outer loop
      vertex 10.1 10.1 1.6
      vertex 8.625 10.1557 1.6
      vertex 8.7827 10.0504 1.6
    endloop
  endfacet
  facet normal 0 0 1
    outer loop
      vertex 10.1 12.3 1.6
      vertex 8.45489 10.2396 1.6
      vertex 8.625 10.1557 1.6
    endloop
  endfacet
  facet normal 0 0 1
    outer loop
      vertex 10.1 12.3 1.6
      vertex 8.27529 10.3006 1.6
      vertex 8.45489 10.2396 1.6
    endloop
  endfacet
  facet normal 0 0 1
    outer loop
      vertex 10.1 12.3 1.6
      vertex 8.08926 10.3376 1.6
      vertex 8.27529 10.3006 1.6
    endloop
  endfacet
  facet normal 0 0 1
    outer loop
      vertex 10.1 12.3 1.6
      vertex 7.9 10.35 1.6
      vertex 8.08926 10.3376 1.6
    endloop
  endfacet
  facet normal 0 0 1
    outer loop
      vertex 10.1 12.3 1.6
      vertex 7.71074 10.3376 1.6
      vertex 7.9 10.35 1.6
    endloop
  endfacet
  facet normal 0 0 1
    outer loop
      vertex 10.1 12.3 1.6
      vertex 7.52471 10.3006 1.6
      vertex 7.71074 10.3376 1.6
    endloop
  endfacet
  facet normal 0 0 1
    outer loop
      vertex 10.1 12.3 1.6
      vertex 7.34511 10.2396 1.6
      vertex 7.52471 10.3006 1.6
    endloop
  endfacet
  facet normal 0 0 1
    outer loop
      vertex 10.1 12.3 1.6
      vertex 7.175 10.1557 1.6
      vertex 7.34511 10.2396 1.6
    endloop
  endfacet
  facet normal 0 0 1
    outer loop
      vertex -7.175 10.1557 1.6
      vertex 7.175 10.1557 1.6
      vertex 10.1 12.3 1.6
    endloop
  endfacet
  facet normal 0 0 1
    outer loop
      vertex 6.4624 9.08926 1.6
      vertex -6.45 8.9 1.6
      vertex 6.45 8.9 1.6
    endloop
  endfacet
  facet normal 0 0 1
    outer loop
      vertex -6.4624 9.08926 1.6
      vertex 6.4624 9.08926 1.6
      vertex 6.49941 9.27529 1.6
    endloop
  endfacet
  facet normal 0 0 1
    outer loop
      vertex -6.49941 9.27529 1.6
      vertex 6.49941 9.27529 1.6
      vertex 6.56037 9.45489 1.6
    endloop
  endfacet
  facet normal 0 0 1
    outer loop
      vertex -6.56037 9.45489 1.6
      vertex 6.56037 9.45489 1.6
      vertex 6.64426 9.625 1.6
    endloop
  endfacet
  facet normal 0 0 1
    outer loop
      vertex -6.64426 9.625 1.6
      vertex 6.64426 9.625 1.6
      vertex 6.74964 9.7827 1.6
    endloop
  endfacet
  facet normal 0 0 1
    outer loop
      vertex -6.74964 9.7827 1.6
      vertex 6.74964 9.7827 1.6
      vertex 6.87469 9.9253 1.6
    endloop
  endfacet
  facet normal 0 0 1
    outer loop
      vertex -6.87469 9.9253 1.6
      vertex 6.87469 9.9253 1.6
      vertex 7.0173 10.0504 1.6
    endloop
  endfacet
  facet normal 0 0 1
    outer loop
      vertex 7.175 10.1557 1.6
      vertex -7.175 10.1557 1.6
      vertex 7.0173 10.0504 1.6
    endloop
  endfacet
  facet normal 0 0 1
    outer loop
      vertex -10.1 12.3 1.6
      vertex 10.1 12.3 1.6
      vertex 11.5 12.63 1.6
    endloop
  endfacet
  facet normal 0 0 1
    outer loop
      vertex 6.4624 9.08926 1.6
      vertex -6.4624 9.08926 1.6
      vertex -6.45 8.9 1.6
    endloop
  endfacet
  facet normal 0 0 1
    outer loop
      vertex 6.49941 9.27529 1.6
      vertex -6.49941 9.27529 1.6
      vertex -6.4624 9.08926 1.6
    endloop
  endfacet
  facet normal 0 0 1
    outer loop
      vertex 6.56037 9.45489 1.6
      vertex -6.56037 9.45489 1.6
      vertex -6.49941 9.27529 1.6
    endloop
  endfacet
  facet normal 0 0 1
    outer loop
      vertex 6.64426 9.625 1.6
      vertex -6.64426 9.625 1.6
      vertex -6.56037 9.45489 1.6
    endloop
  endfacet
  facet normal 0 0 1
    outer loop
      vertex 6.74964 9.7827 1.6
      vertex -6.74964 9.7827 1.6
      vertex -6.64426 9.625 1.6
    endloop
  endfacet
  facet normal 0 0 1
    outer loop
      vertex 6.87469 9.9253 1.6
      vertex -6.87469 9.9253 1.6
      vertex -6.74964 9.7827 1.6
    endloop
  endfacet
  facet normal 0 0 1
    outer loop
      vertex 7.0173 10.0504 1.6
      vertex -7.0173 10.0504 1.6
      vertex -6.87469 9.9253 1.6
    endloop
  endfacet
  facet normal 0 0 1
    outer loop
      vertex 7.0173 10.0504 1.6
      vertex -7.175 10.1557 1.6
      vertex -7.0173 10.0504 1.6
    endloop
  endfacet
  facet normal 0 0 1
    outer loop
      vertex 10.1 12.3 1.6
      vertex -10.1 12.3 1.6
      vertex -7.175 10.1557 1.6
    endloop
  endfacet
  facet normal 0 0 1
    outer loop
      vertex -7.175 10.1557 1.6
      vertex -10.1 12.3 1.6
      vertex -7.34511 10.2396 1.6
    endloop
  endfacet
  facet normal 0 0 1
    outer loop
      vertex -7.34511 10.2396 1.6
      vertex -10.1 12.3 1.6
      vertex -7.52471 10.3006 1.6
    endloop
  endfacet
  facet normal 0 0 1
    outer loop
      vertex -7.52471 10.3006 1.6
      vertex -10.1 12.3 1.6
      vertex -7.71074 10.3376 1.6
    endloop
  endfacet
  facet normal 0 0 1
    outer loop
      vertex -7.71074 10.3376 1.6
      vertex -10.1 12.3 1.6
      vertex -7.9 10.35 1.6
    endloop
  endfacet
  facet normal 0 0 1
    outer loop
      vertex -9.30059 9.27529 1.6
      vertex -10.1 10.1 1.6
      vertex -9.33759 9.08926 1.6
    endloop
  endfacet
  facet normal 0 0 1
    outer loop
      vertex -9.23962 9.45489 1.6
      vertex -10.1 10.1 1.6
      vertex -9.30059 9.27529 1.6
    endloop
  endfacet
  facet normal 0 0 1
    outer loop
      vertex -9.15574 9.625 1.6
      vertex -10.1 10.1 1.6
      vertex -9.23962 9.45489 1.6
    endloop
  endfacet
  facet normal 0 0 1
    outer loop
      vertex -9.05036 9.7827 1.6
      vertex -10.1 10.1 1.6
      vertex -9.15574 9.625 1.6
    endloop
  endfacet
  facet normal 0 0 1
    outer loop
      vertex -8.9253 9.9253 1.6
      vertex -10.1 10.1 1.6
      vertex -9.05036 9.7827 1.6
    endloop
  endfacet
  facet normal 0 0 1
    outer loop
      vertex -8.7827 10.0504 1.6
      vertex -10.1 10.1 1.6
      vertex -8.9253 9.9253 1.6
    endloop
  endfacet
  facet normal 0 0 1
    outer loop
      vertex -8.625 10.1557 1.6
      vertex -10.1 10.1 1.6
      vertex -8.7827 10.0504 1.6
    endloop
  endfacet
  facet normal 0 0 1
    outer loop
      vertex -10.1 10.1 1.6
      vertex -8.625 10.1557 1.6
      vertex -10.1 12.3 1.6
    endloop
  endfacet
  facet normal 0 0 1
    outer loop
      vertex -8.45489 10.2396 1.6
      vertex -10.1 12.3 1.6
      vertex -8.625 10.1557 1.6
    endloop
  endfacet
  facet normal 0 0 1
    outer loop
      vertex -8.27529 10.3006 1.6
      vertex -10.1 12.3 1.6
      vertex -8.45489 10.2396 1.6
    endloop
  endfacet
  facet normal 0 0 1
    outer loop
      vertex -8.08926 10.3376 1.6
      vertex -10.1 12.3 1.6
      vertex -8.27529 10.3006 1.6
    endloop
  endfacet
  facet normal 0 0 1
    outer loop
      vertex -7.9 10.35 1.6
      vertex -10.1 12.3 1.6
      vertex -8.08926 10.3376 1.6
    endloop
  endfacet
  facet normal -0 0 1
    outer loop
      vertex -11.5 12.63 1.6
      vertex -10.1 12.3 1.6
      vertex 11.5 12.63 1.6
    endloop
  endfacet
  facet normal 0 0 1
    outer loop
      vertex -12.2979 12.3 1.6
      vertex -11.5 12.63 1.6
      vertex -11.6475 12.6203 1.6
    endloop
  endfacet
  facet normal 0 0 1
    outer loop
      vertex -12.2979 12.3 1.6
      vertex -11.6475 12.6203 1.6
      vertex -11.7925 12.5915 1.6
    endloop
  endfacet
  facet normal 0 0 1
    outer loop
      vertex -12.2979 12.3 1.6
      vertex -11.7925 12.5915 1.6
      vertex -11.9324 12.544 1.6
    endloop
  endfacet
  facet normal 0 0 1
    outer loop
      vertex -12.2979 12.3 1.6
      vertex -11.9324 12.544 1.6
      vertex -12.065 12.4786 1.6
    endloop
  endfacet
  facet normal 0 0 1
    outer loop
      vertex -12.2979 12.3 1.6
      vertex -12.065 12.4786 1.6
      vertex -12.1879 12.3965 1.6
    endloop
  endfacet
  facet normal 0 0 1
    outer loop
      vertex -11.5 12.63 1.6
      vertex -12.2979 12.3 1.6
      vertex -10.1 12.3 1.6
    endloop
  endfacet
  facet normal -0 0 1
    outer loop
      vertex 10.1 10.1 1.6
      vertex 12.3 -10.1 1.6
      vertex 12.3 10.1 1.6
    endloop
  endfacet
  facet normal 0 0 1
    outer loop
      vertex 12.3 -10.1 1.6
      vertex 10.1 10.1 1.6
      vertex 10.1 -10.1 1.6
    endloop
  endfacet
  facet normal 0 0 1
    outer loop
      vertex 12.3 12.2979 1.6
      vertex 12.63 11.5 1.6
      vertex 12.6203 11.6475 1.6
    endloop
  endfacet
  facet normal 0 0 1
    outer loop
      vertex 12.63 11.5 1.6
      vertex 12.3 10.1 1.6
      vertex 12.63 -11.5 1.6
    endloop
  endfacet
  facet normal 0 0 1
    outer loop
      vertex 12.3 12.2979 1.6
      vertex 12.6203 11.6475 1.6
      vertex 12.5915 11.7925 1.6
    endloop
  endfacet
  facet normal -0 0 1
    outer loop
      vertex 12.3 -10.1 1.6
      vertex 12.63 -11.5 1.6
      vertex 12.3 10.1 1.6
    endloop
  endfacet
  facet normal 0 0 1
    outer loop
      vertex 12.3 12.2979 1.6
      vertex 12.5915 11.7925 1.6
      vertex 12.544 11.9324 1.6
    endloop
  endfacet
  facet normal 0 0 1
    outer loop
      vertex 12.3 -12.2979 1.6
      vertex 12.63 -11.5 1.6
      vertex 12.3 -10.1 1.6
    endloop
  endfacet
  facet normal 0 0 1
    outer loop
      vertex 12.3 12.2979 1.6
      vertex 12.544 11.9324 1.6
      vertex 12.4786 12.065 1.6
    endloop
  endfacet
  facet normal 0 0 1
    outer loop
      vertex 12.63 -11.5 1.6
      vertex 12.3 -12.2979 1.6
      vertex 12.6203 -11.6475 1.6
    endloop
  endfacet
  facet normal 0 0 1
    outer loop
      vertex 12.3 12.2979 1.6
      vertex 12.4786 12.065 1.6
      vertex 12.3965 12.1879 1.6
    endloop
  endfacet
  facet normal 0 0 1
    outer loop
      vertex 12.6203 -11.6475 1.6
      vertex 12.3 -12.2979 1.6
      vertex 12.5915 -11.7925 1.6
    endloop
  endfacet
  facet normal 0 0 1
    outer loop
      vertex 12.63 11.5 1.6
      vertex 12.3 12.2979 1.6
      vertex 12.3 10.1 1.6
    endloop
  endfacet
  facet normal 0 0 1
    outer loop
      vertex 12.5915 -11.7925 1.6
      vertex 12.3 -12.2979 1.6
      vertex 12.544 -11.9324 1.6
    endloop
  endfacet
  facet normal 0 0 1
    outer loop
      vertex 12.544 -11.9324 1.6
      vertex 12.3 -12.2979 1.6
      vertex 12.4786 -12.065 1.6
    endloop
  endfacet
  facet normal 0 0 1
    outer loop
      vertex 12.4786 -12.065 1.6
      vertex 12.3 -12.2979 1.6
      vertex 12.3965 -12.1879 1.6
    endloop
  endfacet
  facet normal 0 0 1
    outer loop
      vertex 12.2979 -12.3 1.6
      vertex 12.065 -12.4786 1.6
      vertex 12.1879 -12.3965 1.6
    endloop
  endfacet
  facet normal 0 0 1
    outer loop
      vertex 12.2979 -12.3 1.6
      vertex 11.9324 -12.544 1.6
      vertex 12.065 -12.4786 1.6
    endloop
  endfacet
  facet normal 0 0 1
    outer loop
      vertex 12.2979 -12.3 1.6
      vertex 11.7925 -12.5915 1.6
      vertex 11.9324 -12.544 1.6
    endloop
  endfacet
  facet normal 0 0 1
    outer loop
      vertex 12.2979 -12.3 1.6
      vertex 11.6475 -12.6203 1.6
      vertex 11.7925 -12.5915 1.6
    endloop
  endfacet
  facet normal 0 0 1
    outer loop
      vertex 12.2979 -12.3 1.6
      vertex 11.5 -12.63 1.6
      vertex 11.6475 -12.6203 1.6
    endloop
  endfacet
  facet normal -0 0 1
    outer loop
      vertex 10.1 -12.3 1.6
      vertex 11.5 -12.63 1.6
      vertex 12.2979 -12.3 1.6
    endloop
  endfacet
  facet normal 0 0 1
    outer loop
      vertex 9.23962 8.34511 1.6
      vertex 10.1 10.1 1.6
      vertex 9.30059 8.52471 1.6
    endloop
  endfacet
  facet normal 0 0 1
    outer loop
      vertex 10.1 10.1 1.6
      vertex 9.23962 8.34511 1.6
      vertex 10.1 -10.1 1.6
    endloop
  endfacet
  facet normal -0 0 1
    outer loop
      vertex 9.15574 8.175 1.6
      vertex 10.1 -10.1 1.6
      vertex 9.23962 8.34511 1.6
    endloop
  endfacet
  facet normal -0 0 1
    outer loop
      vertex 9.05036 8.0173 1.6
      vertex 10.1 -10.1 1.6
      vertex 9.15574 8.175 1.6
    endloop
  endfacet
  facet normal -0 0 1
    outer loop
      vertex 8.9253 7.87469 1.6
      vertex 10.1 -10.1 1.6
      vertex 9.05036 8.0173 1.6
    endloop
  endfacet
  facet normal -0 0 1
    outer loop
      vertex 8.7827 7.74964 1.6
      vertex 10.1 -10.1 1.6
      vertex 8.9253 7.87469 1.6
    endloop
  endfacet
  facet normal -0 0 1
    outer loop
      vertex 8.625 7.64426 1.6
      vertex 10.1 -10.1 1.6
      vertex 8.7827 7.74964 1.6
    endloop
  endfacet
  facet normal -0 0 1
    outer loop
      vertex 8.45489 7.56037 1.6
      vertex 10.1 -10.1 1.6
      vertex 8.625 7.64426 1.6
    endloop
  endfacet
  facet normal -0 0 1
    outer loop
      vertex 8.27529 7.49941 1.6
      vertex 10.1 -10.1 1.6
      vertex 8.45489 7.56037 1.6
    endloop
  endfacet
  facet normal -0 0 1
    outer loop
      vertex 8.08926 7.4624 1.6
      vertex 10.1 -10.1 1.6
      vertex 8.27529 7.49941 1.6
    endloop
  endfacet
  facet normal -0 0 1
    outer loop
      vertex 7.9 7.45 1.6
      vertex 10.1 -10.1 1.6
      vertex 8.08926 7.4624 1.6
    endloop
  endfacet
  facet normal 0 0 1
    outer loop
      vertex 7.71074 7.4624 1.6
      vertex 10.1 -10.1 1.6
      vertex 7.9 7.45 1.6
    endloop
  endfacet
  facet normal 0 0 1
    outer loop
      vertex 7.52471 7.49941 1.6
      vertex 10.1 -10.1 1.6
      vertex 7.71074 7.4624 1.6
    endloop
  endfacet
  facet normal 0 0 1
    outer loop
      vertex 7.34511 7.56037 1.6
      vertex 10.1 -10.1 1.6
      vertex 7.52471 7.49941 1.6
    endloop
  endfacet
  facet normal 0 0 1
    outer loop
      vertex 7.175 7.64426 1.6
      vertex 10.1 -10.1 1.6
      vertex 7.34511 7.56037 1.6
    endloop
  endfacet
  facet normal 0 0 1
    outer loop
      vertex 7.0173 7.74964 1.6
      vertex 10.1 -10.1 1.6
      vertex 7.175 7.64426 1.6
    endloop
  endfacet
  facet normal 0 0 1
    outer loop
      vertex 10.1 -10.1 1.6
      vertex 7.0173 7.74964 1.6
      vertex -10.1 -10.1 1.6
    endloop
  endfacet
  facet normal 0 0 1
    outer loop
      vertex -7.0173 7.74964 1.6
      vertex 7.0173 7.74964 1.6
      vertex 6.87469 7.87469 1.6
    endloop
  endfacet
  facet normal 0 0 1
    outer loop
      vertex -6.87469 7.87469 1.6
      vertex 6.87469 7.87469 1.6
      vertex 6.74964 8.0173 1.6
    endloop
  endfacet
  facet normal 0 0 1
    outer loop
      vertex -6.74964 8.0173 1.6
      vertex 6.74964 8.0173 1.6
      vertex 6.64426 8.175 1.6
    endloop
  endfacet
  facet normal 0 0 1
    outer loop
      vertex -6.64426 8.175 1.6
      vertex 6.64426 8.175 1.6
      vertex 6.56037 8.34511 1.6
    endloop
  endfacet
  facet normal 0 0 1
    outer loop
      vertex -6.56037 8.34511 1.6
      vertex 6.56037 8.34511 1.6
      vertex 6.49941 8.52471 1.6
    endloop
  endfacet
  facet normal 0 0 1
    outer loop
      vertex -6.49941 8.52471 1.6
      vertex 6.49941 8.52471 1.6
      vertex 6.4624 8.71074 1.6
    endloop
  endfacet
  facet normal -0 0 1
    outer loop
      vertex -6.45 8.9 1.6
      vertex 6.4624 8.71074 1.6
      vertex 6.45 8.9 1.6
    endloop
  endfacet
  facet normal 0 0 1
    outer loop
      vertex -6.4624 8.71074 1.6
      vertex 6.4624 8.71074 1.6
      vertex -6.45 8.9 1.6
    endloop
  endfacet
  facet normal 0 0 1
    outer loop
      vertex -6.49941 8.52471 1.6
      vertex 6.4624 8.71074 1.6
      vertex -6.4624 8.71074 1.6
    endloop
  endfacet
  facet normal 0 0 1
    outer loop
      vertex 6.49941 8.52471 1.6
      vertex -6.49941 8.52471 1.6
      vertex -6.56037 8.34511 1.6
    endloop
  endfacet
  facet normal 0 0 1
    outer loop
      vertex 6.56037 8.34511 1.6
      vertex -6.56037 8.34511 1.6
      vertex -6.64426 8.175 1.6
    endloop
  endfacet
  facet normal 0 0 1
    outer loop
      vertex 6.64426 8.175 1.6
      vertex -6.64426 8.175 1.6
      vertex -6.74964 8.0173 1.6
    endloop
  endfacet
  facet normal 0 0 1
    outer loop
      vertex 6.74964 8.0173 1.6
      vertex -6.74964 8.0173 1.6
      vertex -6.87469 7.87469 1.6
    endloop
  endfacet
  facet normal 0 0 1
    outer loop
      vertex 6.87469 7.87469 1.6
      vertex -6.87469 7.87469 1.6
      vertex -7.0173 7.74964 1.6
    endloop
  endfacet
  facet normal 0 0 1
    outer loop
      vertex 7.0173 7.74964 1.6
      vertex -7.0173 7.74964 1.6
      vertex -10.1 -10.1 1.6
    endloop
  endfacet
  facet normal 0 0 1
    outer loop
      vertex -10.1 -10.1 1.6
      vertex -7.0173 7.74964 1.6
      vertex -7.175 7.64426 1.6
    endloop
  endfacet
  facet normal 0 0 1
    outer loop
      vertex -10.1 -10.1 1.6
      vertex -7.175 7.64426 1.6
      vertex -7.34511 7.56037 1.6
    endloop
  endfacet
  facet normal 0 0 1
    outer loop
      vertex -10.1 -10.1 1.6
      vertex -7.34511 7.56037 1.6
      vertex -7.52471 7.49941 1.6
    endloop
  endfacet
  facet normal 0 0 1
    outer loop
      vertex -10.1 -10.1 1.6
      vertex -7.52471 7.49941 1.6
      vertex -7.71074 7.4624 1.6
    endloop
  endfacet
  facet normal 0 0 1
    outer loop
      vertex -10.1 -10.1 1.6
      vertex -7.71074 7.4624 1.6
      vertex -7.9 7.45 1.6
    endloop
  endfacet
  facet normal 0 0 1
    outer loop
      vertex -10.1 -10.1 1.6
      vertex -7.9 7.45 1.6
      vertex -8.08926 7.4624 1.6
    endloop
  endfacet
  facet normal 0 0 1
    outer loop
      vertex -10.1 -10.1 1.6
      vertex -8.08926 7.4624 1.6
      vertex -8.27529 7.49941 1.6
    endloop
  endfacet
  facet normal 0 0 1
    outer loop
      vertex -10.1 -10.1 1.6
      vertex -8.27529 7.49941 1.6
      vertex -8.45489 7.56037 1.6
    endloop
  endfacet
  facet normal 0 0 1
    outer loop
      vertex -10.1 -10.1 1.6
      vertex -8.45489 7.56037 1.6
      vertex -8.625 7.64426 1.6
    endloop
  endfacet
  facet normal 0 0 1
    outer loop
      vertex -10.1 -10.1 1.6
      vertex -8.625 7.64426 1.6
      vertex -8.7827 7.74964 1.6
    endloop
  endfacet
  facet normal 0 0 1
    outer loop
      vertex -10.1 -10.1 1.6
      vertex -8.7827 7.74964 1.6
      vertex -8.9253 7.87469 1.6
    endloop
  endfacet
  facet normal 0 0 1
    outer loop
      vertex -9.33759 9.08926 1.6
      vertex -10.1 10.1 1.6
      vertex -9.35 8.9 1.6
    endloop
  endfacet
  facet normal 0 0 1
    outer loop
      vertex -9.35 8.9 1.6
      vertex -10.1 10.1 1.6
      vertex -9.33759 8.71074 1.6
    endloop
  endfacet
  facet normal -0 0 1
    outer loop
      vertex -12.3 10.1 1.6
      vertex -9.33759 8.71074 1.6
      vertex -10.1 10.1 1.6
    endloop
  endfacet
  facet normal 0 0 1
    outer loop
      vertex -9.33759 8.71074 1.6
      vertex -12.3 10.1 1.6
      vertex -9.30059 8.52471 1.6
    endloop
  endfacet
  facet normal 0 0 1
    outer loop
      vertex -9.30059 8.52471 1.6
      vertex -12.3 10.1 1.6
      vertex -9.23962 8.34511 1.6
    endloop
  endfacet
  facet normal 0 0 1
    outer loop
      vertex -12.3 10.1 1.6
      vertex -9.15574 8.175 1.6
      vertex -9.23962 8.34511 1.6
    endloop
  endfacet
  facet normal 0 0 1
    outer loop
      vertex -12.3 10.1 1.6
      vertex -9.05036 8.0173 1.6
      vertex -9.15574 8.175 1.6
    endloop
  endfacet
  facet normal 0 0 1
    outer loop
      vertex -12.3 10.1 1.6
      vertex -8.9253 7.87469 1.6
      vertex -9.05036 8.0173 1.6
    endloop
  endfacet
  facet normal 0 0 1
    outer loop
      vertex 10.1 -10.1 1.6
      vertex -10.1 -10.1 1.6
      vertex 10.1 -12.3 1.6
    endloop
  endfacet
  facet normal 0 0 1
    outer loop
      vertex -10.1 -12.3 1.6
      vertex 10.1 -12.3 1.6
      vertex -10.1 -10.1 1.6
    endloop
  endfacet
  facet normal 0 0 1
    outer loop
      vertex 10.1 -12.3 1.6
      vertex -10.1 -12.3 1.6
      vertex 11.5 -12.63 1.6
    endloop
  endfacet
  facet normal 0 0 1
    outer loop
      vertex -10.1 -12.3 1.6
      vertex -11.5 -12.63 1.6
      vertex 11.5 -12.63 1.6
    endloop
  endfacet
  facet normal -0 0 1
    outer loop
      vertex -12.2979 -12.3 1.6
      vertex -11.5 -12.63 1.6
      vertex -10.1 -12.3 1.6
    endloop
  endfacet
  facet normal 0 0 1
    outer loop
      vertex -11.5 -12.63 1.6
      vertex -12.2979 -12.3 1.6
      vertex -11.6475 -12.6203 1.6
    endloop
  endfacet
  facet normal 0 0 1
    outer loop
      vertex -11.6475 -12.6203 1.6
      vertex -12.2979 -12.3 1.6
      vertex -11.7925 -12.5915 1.6
    endloop
  endfacet
  facet normal 0 0 1
    outer loop
      vertex -11.7925 -12.5915 1.6
      vertex -12.2979 -12.3 1.6
      vertex -11.9324 -12.544 1.6
    endloop
  endfacet
  facet normal 0 0 1
    outer loop
      vertex -11.9324 -12.544 1.6
      vertex -12.2979 -12.3 1.6
      vertex -12.065 -12.4786 1.6
    endloop
  endfacet
  facet normal 0 0 1
    outer loop
      vertex -12.065 -12.4786 1.6
      vertex -12.2979 -12.3 1.6
      vertex -12.1879 -12.3965 1.6
    endloop
  endfacet
  facet normal -0 0 1
    outer loop
      vertex -12.63 11.5 1.6
      vertex -12.3 10.1 1.6
      vertex -12.3 12.2979 1.6
    endloop
  endfacet
  facet normal 0 0 1
    outer loop
      vertex -12.3 10.1 1.6
      vertex -12.63 11.5 1.6
      vertex -12.3 -10.1 1.6
    endloop
  endfacet
  facet normal 0 0 1
    outer loop
      vertex -12.63 11.5 1.6
      vertex -12.3 12.2979 1.6
      vertex -12.3965 12.1879 1.6
    endloop
  endfacet
  facet normal 0 0 1
    outer loop
      vertex -12.63 -11.5 1.6
      vertex -12.3 -10.1 1.6
      vertex -12.63 11.5 1.6
    endloop
  endfacet
  facet normal 0 0 1
    outer loop
      vertex -12.63 11.5 1.6
      vertex -12.3965 12.1879 1.6
      vertex -12.4786 12.065 1.6
    endloop
  endfacet
  facet normal 0 0 1
    outer loop
      vertex -12.3 -10.1 1.6
      vertex -12.63 -11.5 1.6
      vertex -12.3 -12.2979 1.6
    endloop
  endfacet
  facet normal 0 0 1
    outer loop
      vertex -12.63 11.5 1.6
      vertex -12.4786 12.065 1.6
      vertex -12.544 11.9324 1.6
    endloop
  endfacet
  facet normal 0 0 1
    outer loop
      vertex -12.3 -12.2979 1.6
      vertex -12.63 -11.5 1.6
      vertex -12.3965 -12.1879 1.6
    endloop
  endfacet
  facet normal 0 0 1
    outer loop
      vertex -12.63 11.5 1.6
      vertex -12.544 11.9324 1.6
      vertex -12.5915 11.7925 1.6
    endloop
  endfacet
  facet normal 0 0 1
    outer loop
      vertex -12.3965 -12.1879 1.6
      vertex -12.63 -11.5 1.6
      vertex -12.4786 -12.065 1.6
    endloop
  endfacet
  facet normal 0 0 1
    outer loop
      vertex -12.63 11.5 1.6
      vertex -12.5915 11.7925 1.6
      vertex -12.6203 11.6475 1.6
    endloop
  endfacet
  facet normal 0 0 1
    outer loop
      vertex -12.4786 -12.065 1.6
      vertex -12.63 -11.5 1.6
      vertex -12.544 -11.9324 1.6
    endloop
  endfacet
  facet normal 0 0 1
    outer loop
      vertex -12.544 -11.9324 1.6
      vertex -12.63 -11.5 1.6
      vertex -12.5915 -11.7925 1.6
    endloop
  endfacet
  facet normal 0 0 1
    outer loop
      vertex -12.5915 -11.7925 1.6
      vertex -12.63 -11.5 1.6
      vertex -12.6203 -11.6475 1.6
    endloop
  endfacet
  facet normal -0.831529 -0.555481 0
    outer loop
      vertex -12.3965 -12.1879 5.72205e-07
      vertex -12.4786 -12.065 1.6
      vertex -12.4786 -12.065 5.72205e-07
    endloop
  endfacet
  facet normal -0.831529 -0.555481 0
    outer loop
      vertex -12.4786 -12.065 1.6
      vertex -12.3965 -12.1879 5.72205e-07
      vertex -12.3965 -12.1879 1.6
    endloop
  endfacet
  facet normal -0.321502 0.946909 0
    outer loop
      vertex -11.7925 12.5915 5.72205e-07
      vertex -11.9324 12.544 1.6
      vertex -11.7925 12.5915 1.6
    endloop
  endfacet
  facet normal -0.321502 0.946909 0
    outer loop
      vertex -11.9324 12.544 1.6
      vertex -11.7925 12.5915 5.72205e-07
      vertex -11.9324 12.544 5.72205e-07
    endloop
  endfacet
  facet normal -0.065621 0.997845 0
    outer loop
      vertex -11.5 12.63 5.72205e-07
      vertex -11.6475 12.6203 1.6
      vertex -11.5 12.63 1.6
    endloop
  endfacet
  facet normal -0.065621 0.997845 0
    outer loop
      vertex -11.6475 12.6203 1.6
      vertex -11.5 12.63 5.72205e-07
      vertex -11.6475 12.6203 5.72205e-07
    endloop
  endfacet
  facet normal 0 -1 0
    outer loop
      vertex -11.5 -12.63 1.6
      vertex -2 -12.63 0.800001
      vertex 11.5 -12.63 1.6
    endloop
  endfacet
  facet normal 0 -1 0
    outer loop
      vertex -11.5 -12.63 5.72205e-07
      vertex -2 -12.63 0.800001
      vertex -11.5 -12.63 1.6
    endloop
  endfacet
  facet normal 0 -1 -0
    outer loop
      vertex -2 -12.63 0.800001
      vertex -11.5 -12.63 5.72205e-07
      vertex -2 -12.63 5.72205e-07
    endloop
  endfacet
  facet normal 0 -1 0
    outer loop
      vertex 2 -12.63 0.800001
      vertex 11.5 -12.63 1.6
      vertex -2 -12.63 0.800001
    endloop
  endfacet
  facet normal 0 -1 0
    outer loop
      vertex 11.5 -12.63 5.72205e-07
      vertex 2 -12.63 0.800001
      vertex 2 -12.63 5.72205e-07
    endloop
  endfacet
  facet normal 0 -1 0
    outer loop
      vertex 2 -12.63 0.800001
      vertex 11.5 -12.63 5.72205e-07
      vertex 11.5 -12.63 1.6
    endloop
  endfacet
  facet normal 0.194815 -0.98084 0
    outer loop
      vertex 11.6475 -12.6203 5.72205e-07
      vertex 11.7925 -12.5915 1.6
      vertex 11.6475 -12.6203 1.6
    endloop
  endfacet
  facet normal 0.194815 -0.98084 0
    outer loop
      vertex 11.7925 -12.5915 1.6
      vertex 11.6475 -12.6203 5.72205e-07
      vertex 11.7925 -12.5915 5.72205e-07
    endloop
  endfacet
  facet normal 0.065621 -0.997845 0
    outer loop
      vertex 11.5 -12.63 5.72205e-07
      vertex 11.6475 -12.6203 1.6
      vertex 11.5 -12.63 1.6
    endloop
  endfacet
  facet normal 0.065621 -0.997845 0
    outer loop
      vertex 11.6475 -12.6203 1.6
      vertex 11.5 -12.63 5.72205e-07
      vertex 11.6475 -12.6203 5.72205e-07
    endloop
  endfacet
  facet normal 0.321502 -0.946909 0
    outer loop
      vertex 11.7925 -12.5915 5.72205e-07
      vertex 11.9324 -12.544 1.6
      vertex 11.7925 -12.5915 1.6
    endloop
  endfacet
  facet normal 0.321502 -0.946909 0
    outer loop
      vertex 11.9324 -12.544 1.6
      vertex 11.7925 -12.5915 5.72205e-07
      vertex 11.9324 -12.544 5.72205e-07
    endloop
  endfacet
  facet normal -0.442337 -0.896849 0
    outer loop
      vertex -12.065 -12.4786 5.72205e-07
      vertex -11.9324 -12.544 1.6
      vertex -12.065 -12.4786 1.6
    endloop
  endfacet
  facet normal -0.442337 -0.896849 -0
    outer loop
      vertex -11.9324 -12.544 1.6
      vertex -12.065 -12.4786 5.72205e-07
      vertex -11.9324 -12.544 5.72205e-07
    endloop
  endfacet
  facet normal -0.672673 -0.73994 -0
    outer loop
      vertex -12.299 -12.299 1.55
      vertex -12.299 -12.299 5.72205e-07
      vertex -12.2979 -12.3 1.55
    endloop
  endfacet
  facet normal -0.659472 -0.751729 0
    outer loop
      vertex -12.2979 -12.3 1.55
      vertex -12.1879 -12.3965 1.6
      vertex -12.2979 -12.3 1.6
    endloop
  endfacet
  facet normal -0.659605 -0.751612 -1.68039e-05
    outer loop
      vertex -12.1879 -12.3965 5.72205e-07
      vertex -12.2979 -12.3 1.55
      vertex -12.299 -12.299 5.72205e-07
    endloop
  endfacet
  facet normal -0.659472 -0.751729 0
    outer loop
      vertex -12.2979 -12.3 1.55
      vertex -12.1879 -12.3965 5.72205e-07
      vertex -12.1879 -12.3965 1.6
    endloop
  endfacet
  facet normal 0.751729 0.659472 0
    outer loop
      vertex 12.3 12.2979 1.6
      vertex 12.3965 12.1879 1.6
      vertex 12.3 12.2979 1.55
    endloop
  endfacet
  facet normal 0.73994 0.672673 0
    outer loop
      vertex 12.3 12.2979 1.55
      vertex 12.299 12.299 5.72205e-07
      vertex 12.299 12.299 1.55
    endloop
  endfacet
  facet normal 0.751729 0.659472 -0
    outer loop
      vertex 12.3965 12.1879 5.72205e-07
      vertex 12.3 12.2979 1.55
      vertex 12.3965 12.1879 1.6
    endloop
  endfacet
  facet normal 0.751612 0.659605 -1.68039e-05
    outer loop
      vertex 12.3 12.2979 1.55
      vertex 12.3965 12.1879 5.72205e-07
      vertex 12.299 12.299 5.72205e-07
    endloop
  endfacet
  facet normal -0.659472 0.751729 0
    outer loop
      vertex -12.1879 12.3965 1.6
      vertex -12.2979 12.3 1.55
      vertex -12.2979 12.3 1.6
    endloop
  endfacet
  facet normal -0.659472 0.751729 0
    outer loop
      vertex -12.1879 12.3965 5.72205e-07
      vertex -12.2979 12.3 1.55
      vertex -12.1879 12.3965 1.6
    endloop
  endfacet
  facet normal -0.659605 0.751612 -1.68039e-05
    outer loop
      vertex -12.299 12.299 5.72205e-07
      vertex -12.2979 12.3 1.55
      vertex -12.1879 12.3965 5.72205e-07
    endloop
  endfacet
  facet normal -0.672673 0.73994 0
    outer loop
      vertex -12.2979 12.3 1.55
      vertex -12.299 12.299 5.72205e-07
      vertex -12.299 12.299 1.55
    endloop
  endfacet
  facet normal -0.73994 0.672673 0
    outer loop
      vertex -12.299 12.299 5.72205e-07
      vertex -12.3 12.2979 1.55
      vertex -12.299 12.299 1.55
    endloop
  endfacet
  facet normal -0.751612 0.659605 -1.68039e-05
    outer loop
      vertex -12.3965 12.1879 5.72205e-07
      vertex -12.3 12.2979 1.55
      vertex -12.299 12.299 5.72205e-07
    endloop
  endfacet
  facet normal -0.751729 0.659472 0
    outer loop
      vertex -12.3965 12.1879 1.6
      vertex -12.3 12.2979 1.55
      vertex -12.3965 12.1879 5.72205e-07
    endloop
  endfacet
  facet normal -0.751729 0.659472 0
    outer loop
      vertex -12.3 12.2979 1.55
      vertex -12.3965 12.1879 1.6
      vertex -12.3 12.2979 1.6
    endloop
  endfacet
  facet normal -0.946909 0.321502 0
    outer loop
      vertex -12.5915 11.7925 5.72205e-07
      vertex -12.544 11.9324 1.6
      vertex -12.544 11.9324 5.72205e-07
    endloop
  endfacet
  facet normal -0.946909 0.321502 0
    outer loop
      vertex -12.544 11.9324 1.6
      vertex -12.5915 11.7925 5.72205e-07
      vertex -12.5915 11.7925 1.6
    endloop
  endfacet
  facet normal -0.896849 0.442337 0
    outer loop
      vertex -12.544 11.9324 5.72205e-07
      vertex -12.4786 12.065 1.6
      vertex -12.4786 12.065 5.72205e-07
    endloop
  endfacet
  facet normal -0.896849 0.442337 0
    outer loop
      vertex -12.4786 12.065 1.6
      vertex -12.544 11.9324 5.72205e-07
      vertex -12.544 11.9324 1.6
    endloop
  endfacet
  facet normal -0.98084 0.194815 0
    outer loop
      vertex -12.6203 11.6475 5.72205e-07
      vertex -12.5915 11.7925 1.6
      vertex -12.5915 11.7925 5.72205e-07
    endloop
  endfacet
  facet normal -0.98084 0.194815 0
    outer loop
      vertex -12.5915 11.7925 1.6
      vertex -12.6203 11.6475 5.72205e-07
      vertex -12.6203 11.6475 1.6
    endloop
  endfacet
  facet normal -0.946909 -0.321502 0
    outer loop
      vertex -12.544 -11.9324 5.72205e-07
      vertex -12.5915 -11.7925 1.6
      vertex -12.5915 -11.7925 5.72205e-07
    endloop
  endfacet
  facet normal -0.946909 -0.321502 0
    outer loop
      vertex -12.5915 -11.7925 1.6
      vertex -12.544 -11.9324 5.72205e-07
      vertex -12.544 -11.9324 1.6
    endloop
  endfacet
  facet normal -0.98084 -0.194815 0
    outer loop
      vertex -12.5915 -11.7925 5.72205e-07
      vertex -12.6203 -11.6475 1.6
      vertex -12.6203 -11.6475 5.72205e-07
    endloop
  endfacet
  facet normal -0.98084 -0.194815 0
    outer loop
      vertex -12.6203 -11.6475 1.6
      vertex -12.5915 -11.7925 5.72205e-07
      vertex -12.5915 -11.7925 1.6
    endloop
  endfacet
  facet normal -0.997845 -0.065621 0
    outer loop
      vertex -12.6203 -11.6475 5.72205e-07
      vertex -12.63 -11.5 1.6
      vertex -12.63 -11.5 5.72205e-07
    endloop
  endfacet
  facet normal -0.997845 -0.065621 0
    outer loop
      vertex -12.63 -11.5 1.6
      vertex -12.6203 -11.6475 5.72205e-07
      vertex -12.6203 -11.6475 1.6
    endloop
  endfacet
  facet normal -0.194815 0.98084 0
    outer loop
      vertex -11.6475 12.6203 5.72205e-07
      vertex -11.7925 12.5915 1.6
      vertex -11.6475 12.6203 1.6
    endloop
  endfacet
  facet normal -0.194815 0.98084 0
    outer loop
      vertex -11.7925 12.5915 1.6
      vertex -11.6475 12.6203 5.72205e-07
      vertex -11.7925 12.5915 5.72205e-07
    endloop
  endfacet
  facet normal 0.946909 -0.321502 0
    outer loop
      vertex 12.544 -11.9324 1.6
      vertex 12.5915 -11.7925 5.72205e-07
      vertex 12.5915 -11.7925 1.6
    endloop
  endfacet
  facet normal 0.946909 -0.321502 0
    outer loop
      vertex 12.5915 -11.7925 5.72205e-07
      vertex 12.544 -11.9324 1.6
      vertex 12.544 -11.9324 5.72205e-07
    endloop
  endfacet
  facet normal 0.997845 -0.065621 0
    outer loop
      vertex 12.6203 -11.6475 1.6
      vertex 12.63 -11.5 5.72205e-07
      vertex 12.63 -11.5 1.6
    endloop
  endfacet
  facet normal 0.997845 -0.065621 0
    outer loop
      vertex 12.63 -11.5 5.72205e-07
      vertex 12.6203 -11.6475 1.6
      vertex 12.6203 -11.6475 5.72205e-07
    endloop
  endfacet
  facet normal 0.98084 -0.194815 0
    outer loop
      vertex 12.5915 -11.7925 1.6
      vertex 12.6203 -11.6475 5.72205e-07
      vertex 12.6203 -11.6475 1.6
    endloop
  endfacet
  facet normal 0.98084 -0.194815 0
    outer loop
      vertex 12.6203 -11.6475 5.72205e-07
      vertex 12.5915 -11.7925 1.6
      vertex 12.5915 -11.7925 5.72205e-07
    endloop
  endfacet
  facet normal 0.065621 0.997845 -0
    outer loop
      vertex 11.6475 12.6203 5.72205e-07
      vertex 11.5 12.63 1.6
      vertex 11.6475 12.6203 1.6
    endloop
  endfacet
  facet normal 0.065621 0.997845 0
    outer loop
      vertex 11.5 12.63 1.6
      vertex 11.6475 12.6203 5.72205e-07
      vertex 11.5 12.63 5.72205e-07
    endloop
  endfacet
  facet normal 0.997845 0.065621 0
    outer loop
      vertex 12.63 11.5 1.6
      vertex 12.6203 11.6475 5.72205e-07
      vertex 12.6203 11.6475 1.6
    endloop
  endfacet
  facet normal 0.997845 0.065621 0
    outer loop
      vertex 12.6203 11.6475 5.72205e-07
      vertex 12.63 11.5 1.6
      vertex 12.63 11.5 5.72205e-07
    endloop
  endfacet
  facet normal 0.896849 0.442337 0
    outer loop
      vertex 12.544 11.9324 1.6
      vertex 12.4786 12.065 5.72205e-07
      vertex 12.4786 12.065 1.6
    endloop
  endfacet
  facet normal 0.896849 0.442337 0
    outer loop
      vertex 12.4786 12.065 5.72205e-07
      vertex 12.544 11.9324 1.6
      vertex 12.544 11.9324 5.72205e-07
    endloop
  endfacet
  facet normal -0.555481 0.831529 0
    outer loop
      vertex -12.065 12.4786 5.72205e-07
      vertex -12.1879 12.3965 1.6
      vertex -12.065 12.4786 1.6
    endloop
  endfacet
  facet normal -0.555481 0.831529 0
    outer loop
      vertex -12.1879 12.3965 1.6
      vertex -12.065 12.4786 5.72205e-07
      vertex -12.1879 12.3965 5.72205e-07
    endloop
  endfacet
  facet normal -0.751729 -0.659472 0
    outer loop
      vertex -12.3965 -12.1879 5.72205e-07
      vertex -12.3 -12.2979 1.55
      vertex -12.3965 -12.1879 1.6
    endloop
  endfacet
  facet normal -0.751612 -0.659605 -1.68039e-05
    outer loop
      vertex -12.299 -12.299 5.72205e-07
      vertex -12.3 -12.2979 1.55
      vertex -12.3965 -12.1879 5.72205e-07
    endloop
  endfacet
  facet normal -0.73994 -0.672673 0
    outer loop
      vertex -12.3 -12.2979 1.55
      vertex -12.299 -12.299 5.72205e-07
      vertex -12.299 -12.299 1.55
    endloop
  endfacet
  facet normal -0.751729 -0.659472 0
    outer loop
      vertex -12.3965 -12.1879 1.6
      vertex -12.3 -12.2979 1.55
      vertex -12.3 -12.2979 1.6
    endloop
  endfacet
  facet normal -0.194815 -0.98084 0
    outer loop
      vertex -11.7925 -12.5915 5.72205e-07
      vertex -11.6475 -12.6203 1.6
      vertex -11.7925 -12.5915 1.6
    endloop
  endfacet
  facet normal -0.194815 -0.98084 -0
    outer loop
      vertex -11.6475 -12.6203 1.6
      vertex -11.7925 -12.5915 5.72205e-07
      vertex -11.6475 -12.6203 5.72205e-07
    endloop
  endfacet
  facet normal -0.321502 -0.946909 0
    outer loop
      vertex -11.9324 -12.544 5.72205e-07
      vertex -11.7925 -12.5915 1.6
      vertex -11.9324 -12.544 1.6
    endloop
  endfacet
  facet normal -0.321502 -0.946909 -0
    outer loop
      vertex -11.7925 -12.5915 1.6
      vertex -11.9324 -12.544 5.72205e-07
      vertex -11.7925 -12.5915 5.72205e-07
    endloop
  endfacet
  facet normal 0.751729 -0.659472 0
    outer loop
      vertex 12.3 -12.2979 1.55
      vertex 12.3965 -12.1879 1.6
      vertex 12.3 -12.2979 1.6
    endloop
  endfacet
  facet normal 0.751729 -0.659472 0
    outer loop
      vertex 12.3965 -12.1879 1.6
      vertex 12.3 -12.2979 1.55
      vertex 12.3965 -12.1879 5.72205e-07
    endloop
  endfacet
  facet normal 0.73994 -0.672673 0
    outer loop
      vertex 12.299 -12.299 5.72205e-07
      vertex 12.3 -12.2979 1.55
      vertex 12.299 -12.299 1.55
    endloop
  endfacet
  facet normal 0.751612 -0.659605 -1.68039e-05
    outer loop
      vertex 12.3 -12.2979 1.55
      vertex 12.299 -12.299 5.72205e-07
      vertex 12.3965 -12.1879 5.72205e-07
    endloop
  endfacet
  facet normal 0.896849 -0.442337 0
    outer loop
      vertex 12.4786 -12.065 1.6
      vertex 12.544 -11.9324 5.72205e-07
      vertex 12.544 -11.9324 1.6
    endloop
  endfacet
  facet normal 0.896849 -0.442337 0
    outer loop
      vertex 12.544 -11.9324 5.72205e-07
      vertex 12.4786 -12.065 1.6
      vertex 12.4786 -12.065 5.72205e-07
    endloop
  endfacet
  facet normal 0.194815 0.98084 -0
    outer loop
      vertex 11.7925 12.5915 5.72205e-07
      vertex 11.6475 12.6203 1.6
      vertex 11.7925 12.5915 1.6
    endloop
  endfacet
  facet normal 0.194815 0.98084 0
    outer loop
      vertex 11.6475 12.6203 1.6
      vertex 11.7925 12.5915 5.72205e-07
      vertex 11.6475 12.6203 5.72205e-07
    endloop
  endfacet
  facet normal 0.321502 0.946909 -0
    outer loop
      vertex 11.9324 12.544 5.72205e-07
      vertex 11.7925 12.5915 1.6
      vertex 11.9324 12.544 1.6
    endloop
  endfacet
  facet normal 0.321502 0.946909 0
    outer loop
      vertex 11.7925 12.5915 1.6
      vertex 11.9324 12.544 5.72205e-07
      vertex 11.7925 12.5915 5.72205e-07
    endloop
  endfacet
  facet normal 0.555481 0.831529 -0
    outer loop
      vertex 12.1879 12.3965 5.72205e-07
      vertex 12.065 12.4786 1.6
      vertex 12.1879 12.3965 1.6
    endloop
  endfacet
  facet normal 0.555481 0.831529 0
    outer loop
      vertex 12.065 12.4786 1.6
      vertex 12.1879 12.3965 5.72205e-07
      vertex 12.065 12.4786 5.72205e-07
    endloop
  endfacet
  facet normal 0.672673 0.73994 0
    outer loop
      vertex 12.299 12.299 1.55
      vertex 12.299 12.299 5.72205e-07
      vertex 12.2979 12.3 1.55
    endloop
  endfacet
  facet normal 0.659472 0.751729 -0
    outer loop
      vertex 12.2979 12.3 1.55
      vertex 12.1879 12.3965 1.6
      vertex 12.2979 12.3 1.6
    endloop
  endfacet
  facet normal 0.659605 0.751612 -1.68039e-05
    outer loop
      vertex 12.1879 12.3965 5.72205e-07
      vertex 12.2979 12.3 1.55
      vertex 12.299 12.299 5.72205e-07
    endloop
  endfacet
  facet normal 0.659472 0.751729 0
    outer loop
      vertex 12.2979 12.3 1.55
      vertex 12.1879 12.3965 5.72205e-07
      vertex 12.1879 12.3965 1.6
    endloop
  endfacet
  facet normal 0.946909 0.321502 0
    outer loop
      vertex 12.5915 11.7925 1.6
      vertex 12.544 11.9324 5.72205e-07
      vertex 12.544 11.9324 1.6
    endloop
  endfacet
  facet normal 0.946909 0.321502 0
    outer loop
      vertex 12.544 11.9324 5.72205e-07
      vertex 12.5915 11.7925 1.6
      vertex 12.5915 11.7925 5.72205e-07
    endloop
  endfacet
  facet normal 0.98084 0.194815 0
    outer loop
      vertex 12.6203 11.6475 1.6
      vertex 12.5915 11.7925 5.72205e-07
      vertex 12.5915 11.7925 1.6
    endloop
  endfacet
  facet normal 0.98084 0.194815 0
    outer loop
      vertex 12.5915 11.7925 5.72205e-07
      vertex 12.6203 11.6475 1.6
      vertex 12.6203 11.6475 5.72205e-07
    endloop
  endfacet
  facet normal 0.831529 0.555481 0
    outer loop
      vertex 12.4786 12.065 1.6
      vertex 12.3965 12.1879 5.72205e-07
      vertex 12.3965 12.1879 1.6
    endloop
  endfacet
  facet normal 0.831529 0.555481 0
    outer loop
      vertex 12.3965 12.1879 5.72205e-07
      vertex 12.4786 12.065 1.6
      vertex 12.4786 12.065 5.72205e-07
    endloop
  endfacet
  facet normal -0.997861 -0.0653782 0
    outer loop
      vertex -6.45 8.9 5.72205e-07
      vertex -6.4624 9.08926 1.6
      vertex -6.4624 9.08926 5.72205e-07
    endloop
  endfacet
  facet normal -0.997861 -0.0653782 0
    outer loop
      vertex -6.4624 9.08926 1.6
      vertex -6.45 8.9 5.72205e-07
      vertex -6.45 8.9 1.6
    endloop
  endfacet
  facet normal 0.997857 -0.0654307 0
    outer loop
      vertex -9.35 8.9 1.6
      vertex -9.33759 9.08926 5.72205e-07
      vertex -9.33759 9.08926 1.6
    endloop
  endfacet
  facet normal 0.997857 -0.0654307 0
    outer loop
      vertex -9.33759 9.08926 5.72205e-07
      vertex -9.35 8.9 1.6
      vertex -9.35 8.9 5.72205e-07
    endloop
  endfacet
  facet normal 0.0653782 -0.997861 0
    outer loop
      vertex -8.08926 10.3376 5.72205e-07
      vertex -7.9 10.35 1.6
      vertex -8.08926 10.3376 1.6
    endloop
  endfacet
  facet normal 0.0653782 -0.997861 0
    outer loop
      vertex -7.9 10.35 1.6
      vertex -8.08926 10.3376 5.72205e-07
      vertex -7.9 10.35 5.72205e-07
    endloop
  endfacet
  facet normal -0.0653782 0.997861 0
    outer loop
      vertex -7.71074 7.4624 5.72205e-07
      vertex -7.9 7.45 1.6
      vertex -7.71074 7.4624 1.6
    endloop
  endfacet
  facet normal -0.0653782 0.997861 0
    outer loop
      vertex -7.9 7.45 1.6
      vertex -7.71074 7.4624 5.72205e-07
      vertex -7.9 7.45 5.72205e-07
    endloop
  endfacet
  facet normal -0.659448 -0.75175 0
    outer loop
      vertex -7.0173 10.0504 5.72205e-07
      vertex -6.87469 9.9253 1.6
      vertex -7.0173 10.0504 1.6
    endloop
  endfacet
  facet normal -0.659448 -0.75175 -0
    outer loop
      vertex -6.87469 9.9253 1.6
      vertex -7.0173 10.0504 5.72205e-07
      vertex -6.87469 9.9253 5.72205e-07
    endloop
  endfacet
  facet normal 0.659474 -0.751727 0
    outer loop
      vertex -8.9253 9.9253 5.72205e-07
      vertex -8.7827 10.0504 1.6
      vertex -8.9253 9.9253 1.6
    endloop
  endfacet
  facet normal 0.659474 -0.751727 0
    outer loop
      vertex -8.7827 10.0504 1.6
      vertex -8.9253 9.9253 5.72205e-07
      vertex -8.7827 10.0504 5.72205e-07
    endloop
  endfacet
  facet normal 0.3216 -0.946876 0
    outer loop
      vertex -8.45489 10.2396 5.72205e-07
      vertex -8.27529 10.3006 1.6
      vertex -8.45489 10.2396 1.6
    endloop
  endfacet
  facet normal 0.3216 -0.946876 0
    outer loop
      vertex -8.27529 10.3006 1.6
      vertex -8.45489 10.2396 5.72205e-07
      vertex -8.27529 10.3006 5.72205e-07
    endloop
  endfacet
  facet normal -0.83145 0.5556 0
    outer loop
      vertex -6.74964 8.0173 5.72205e-07
      vertex -6.64426 8.175 1.6
      vertex -6.64426 8.175 5.72205e-07
    endloop
  endfacet
  facet normal -0.83145 0.5556 0
    outer loop
      vertex -6.64426 8.175 1.6
      vertex -6.74964 8.0173 5.72205e-07
      vertex -6.74964 8.0173 1.6
    endloop
  endfacet
  facet normal -0.896871 -0.442293 0
    outer loop
      vertex -6.56037 9.45489 5.72205e-07
      vertex -6.64426 9.625 1.6
      vertex -6.64426 9.625 5.72205e-07
    endloop
  endfacet
  facet normal -0.896871 -0.442293 0
    outer loop
      vertex -6.64426 9.625 1.6
      vertex -6.56037 9.45489 5.72205e-07
      vertex -6.56037 9.45489 1.6
    endloop
  endfacet
  facet normal -0.980779 -0.195122 0
    outer loop
      vertex -6.4624 9.08926 5.72205e-07
      vertex -6.49941 9.27529 1.6
      vertex -6.49941 9.27529 5.72205e-07
    endloop
  endfacet
  facet normal -0.980779 -0.195122 0
    outer loop
      vertex -6.49941 9.27529 1.6
      vertex -6.4624 9.08926 5.72205e-07
      vertex -6.4624 9.08926 1.6
    endloop
  endfacet
  facet normal -0.3216 -0.946876 0
    outer loop
      vertex -7.52471 10.3006 5.72205e-07
      vertex -7.34511 10.2396 1.6
      vertex -7.52471 10.3006 1.6
    endloop
  endfacet
  facet normal -0.3216 -0.946876 -0
    outer loop
      vertex -7.34511 10.2396 1.6
      vertex -7.52471 10.3006 5.72205e-07
      vertex -7.34511 10.2396 5.72205e-07
    endloop
  endfacet
  facet normal -0.195072 -0.980789 0
    outer loop
      vertex -7.71074 10.3376 5.72205e-07
      vertex -7.52471 10.3006 1.6
      vertex -7.71074 10.3376 1.6
    endloop
  endfacet
  facet normal -0.195072 -0.980789 -0
    outer loop
      vertex -7.52471 10.3006 1.6
      vertex -7.71074 10.3376 5.72205e-07
      vertex -7.52471 10.3006 5.72205e-07
    endloop
  endfacet
  facet normal -0.555309 -0.831644 0
    outer loop
      vertex -7.175 10.1557 5.72205e-07
      vertex -7.0173 10.0504 1.6
      vertex -7.175 10.1557 1.6
    endloop
  endfacet
  facet normal -0.555309 -0.831644 -0
    outer loop
      vertex -7.0173 10.0504 1.6
      vertex -7.175 10.1557 5.72205e-07
      vertex -7.0173 10.0504 5.72205e-07
    endloop
  endfacet
  facet normal 0.896891 -0.442251 0
    outer loop
      vertex -9.23962 9.45489 1.6
      vertex -9.15574 9.625 5.72205e-07
      vertex -9.15574 9.625 1.6
    endloop
  endfacet
  facet normal 0.896891 -0.442251 0
    outer loop
      vertex -9.15574 9.625 5.72205e-07
      vertex -9.23962 9.45489 1.6
      vertex -9.23962 9.45489 5.72205e-07
    endloop
  endfacet
  facet normal 0.83145 -0.5556 0
    outer loop
      vertex -9.15574 9.625 1.6
      vertex -9.05036 9.7827 5.72205e-07
      vertex -9.05036 9.7827 1.6
    endloop
  endfacet
  facet normal 0.83145 -0.5556 0
    outer loop
      vertex -9.05036 9.7827 5.72205e-07
      vertex -9.15574 9.625 1.6
      vertex -9.15574 9.625 5.72205e-07
    endloop
  endfacet
  facet normal 0.442335 -0.89685 0
    outer loop
      vertex -8.625 10.1557 5.72205e-07
      vertex -8.45489 10.2396 1.6
      vertex -8.625 10.1557 1.6
    endloop
  endfacet
  facet normal 0.442335 -0.89685 0
    outer loop
      vertex -8.45489 10.2396 1.6
      vertex -8.625 10.1557 5.72205e-07
      vertex -8.45489 10.2396 5.72205e-07
    endloop
  endfacet
  facet normal 0.195072 -0.980789 0
    outer loop
      vertex -8.27529 10.3006 5.72205e-07
      vertex -8.08926 10.3376 1.6
      vertex -8.27529 10.3006 1.6
    endloop
  endfacet
  facet normal 0.195072 -0.980789 0
    outer loop
      vertex -8.08926 10.3376 1.6
      vertex -8.27529 10.3006 5.72205e-07
      vertex -8.08926 10.3376 5.72205e-07
    endloop
  endfacet
  facet normal -0.195122 0.980779 0
    outer loop
      vertex -7.52471 7.49941 5.72205e-07
      vertex -7.71074 7.4624 1.6
      vertex -7.52471 7.49941 1.6
    endloop
  endfacet
  facet normal -0.195122 0.980779 0
    outer loop
      vertex -7.71074 7.4624 1.6
      vertex -7.52471 7.49941 5.72205e-07
      vertex -7.71074 7.4624 5.72205e-07
    endloop
  endfacet
  facet normal -0.94694 -0.321411 0
    outer loop
      vertex -6.49941 9.27529 5.72205e-07
      vertex -6.56037 9.45489 1.6
      vertex -6.56037 9.45489 5.72205e-07
    endloop
  endfacet
  facet normal -0.94694 -0.321411 0
    outer loop
      vertex -6.56037 9.45489 1.6
      vertex -6.49941 9.27529 5.72205e-07
      vertex -6.49941 9.27529 1.6
    endloop
  endfacet
  facet normal -0.751858 -0.659325 0
    outer loop
      vertex -6.74964 9.7827 5.72205e-07
      vertex -6.87469 9.9253 1.6
      vertex -6.87469 9.9253 5.72205e-07
    endloop
  endfacet
  facet normal -0.751858 -0.659325 0
    outer loop
      vertex -6.87469 9.9253 1.6
      vertex -6.74964 9.7827 5.72205e-07
      vertex -6.74964 9.7827 1.6
    endloop
  endfacet
  facet normal -0.83145 -0.5556 0
    outer loop
      vertex -6.64426 9.625 5.72205e-07
      vertex -6.74964 9.7827 1.6
      vertex -6.74964 9.7827 5.72205e-07
    endloop
  endfacet
  facet normal -0.83145 -0.5556 0
    outer loop
      vertex -6.74964 9.7827 1.6
      vertex -6.64426 9.625 5.72205e-07
      vertex -6.64426 9.625 1.6
    endloop
  endfacet
  facet normal -0.0653782 -0.997861 0
    outer loop
      vertex -7.9 10.35 5.72205e-07
      vertex -7.71074 10.3376 1.6
      vertex -7.9 10.35 1.6
    endloop
  endfacet
  facet normal -0.0653782 -0.997861 -0
    outer loop
      vertex -7.71074 10.3376 1.6
      vertex -7.9 10.35 5.72205e-07
      vertex -7.71074 10.3376 5.72205e-07
    endloop
  endfacet
  facet normal -0.442335 -0.89685 0
    outer loop
      vertex -7.34511 10.2396 5.72205e-07
      vertex -7.175 10.1557 1.6
      vertex -7.34511 10.2396 1.6
    endloop
  endfacet
  facet normal -0.442335 -0.89685 -0
    outer loop
      vertex -7.175 10.1557 1.6
      vertex -7.34511 10.2396 5.72205e-07
      vertex -7.175 10.1557 5.72205e-07
    endloop
  endfacet
  facet normal 0.751832 -0.659355 0
    outer loop
      vertex -9.05036 9.7827 1.6
      vertex -8.9253 9.9253 5.72205e-07
      vertex -8.9253 9.9253 1.6
    endloop
  endfacet
  facet normal 0.751832 -0.659355 0
    outer loop
      vertex -8.9253 9.9253 5.72205e-07
      vertex -9.05036 9.7827 1.6
      vertex -9.05036 9.7827 5.72205e-07
    endloop
  endfacet
  facet normal 0.980789 -0.195072 0
    outer loop
      vertex -9.33759 9.08926 1.6
      vertex -9.30059 9.27529 5.72205e-07
      vertex -9.30059 9.27529 1.6
    endloop
  endfacet
  facet normal 0.980789 -0.195072 0
    outer loop
      vertex -9.30059 9.27529 5.72205e-07
      vertex -9.33759 9.08926 1.6
      vertex -9.33759 9.08926 5.72205e-07
    endloop
  endfacet
  facet normal 0.555309 -0.831644 0
    outer loop
      vertex -8.7827 10.0504 5.72205e-07
      vertex -8.625 10.1557 1.6
      vertex -8.7827 10.0504 1.6
    endloop
  endfacet
  facet normal 0.555309 -0.831644 0
    outer loop
      vertex -8.625 10.1557 1.6
      vertex -8.7827 10.0504 5.72205e-07
      vertex -8.625 10.1557 5.72205e-07
    endloop
  endfacet
  facet normal -0.997861 0.0653782 0
    outer loop
      vertex -6.4624 8.71074 5.72205e-07
      vertex -6.45 8.9 1.6
      vertex -6.45 8.9 5.72205e-07
    endloop
  endfacet
  facet normal -0.997861 0.0653782 0
    outer loop
      vertex -6.45 8.9 1.6
      vertex -6.4624 8.71074 5.72205e-07
      vertex -6.4624 8.71074 1.6
    endloop
  endfacet
  facet normal -0.751881 0.659299 0
    outer loop
      vertex -6.87469 7.87469 5.72205e-07
      vertex -6.74964 8.0173 1.6
      vertex -6.74964 8.0173 5.72205e-07
    endloop
  endfacet
  facet normal -0.751881 0.659299 0
    outer loop
      vertex -6.74964 8.0173 1.6
      vertex -6.87469 7.87469 5.72205e-07
      vertex -6.87469 7.87469 1.6
    endloop
  endfacet
  facet normal 0.321411 0.94694 -0
    outer loop
      vertex -8.27529 7.49941 5.72205e-07
      vertex -8.45489 7.56037 1.6
      vertex -8.27529 7.49941 1.6
    endloop
  endfacet
  facet normal 0.321411 0.94694 0
    outer loop
      vertex -8.45489 7.56037 1.6
      vertex -8.27529 7.49941 5.72205e-07
      vertex -8.45489 7.56037 5.72205e-07
    endloop
  endfacet
  facet normal 0.83145 0.5556 0
    outer loop
      vertex -9.05036 8.0173 1.6
      vertex -9.15574 8.175 5.72205e-07
      vertex -9.15574 8.175 1.6
    endloop
  endfacet
  facet normal 0.83145 0.5556 0
    outer loop
      vertex -9.15574 8.175 5.72205e-07
      vertex -9.05036 8.0173 1.6
      vertex -9.05036 8.0173 5.72205e-07
    endloop
  endfacet
  facet normal 0.896891 0.442251 0
    outer loop
      vertex -9.15574 8.175 1.6
      vertex -9.23962 8.34511 5.72205e-07
      vertex -9.23962 8.34511 1.6
    endloop
  endfacet
  facet normal 0.896891 0.442251 0
    outer loop
      vertex -9.23962 8.34511 5.72205e-07
      vertex -9.15574 8.175 1.6
      vertex -9.15574 8.175 5.72205e-07
    endloop
  endfacet
  facet normal 0.997857 0.0654307 0
    outer loop
      vertex -9.33759 8.71074 1.6
      vertex -9.35 8.9 5.72205e-07
      vertex -9.35 8.9 1.6
    endloop
  endfacet
  facet normal 0.997857 0.0654307 0
    outer loop
      vertex -9.35 8.9 5.72205e-07
      vertex -9.33759 8.71074 1.6
      vertex -9.33759 8.71074 5.72205e-07
    endloop
  endfacet
  facet normal -0.442293 0.896871 0
    outer loop
      vertex -7.175 7.64426 5.72205e-07
      vertex -7.34511 7.56037 1.6
      vertex -7.175 7.64426 1.6
    endloop
  endfacet
  facet normal -0.442293 0.896871 0
    outer loop
      vertex -7.34511 7.56037 1.6
      vertex -7.175 7.64426 5.72205e-07
      vertex -7.34511 7.56037 5.72205e-07
    endloop
  endfacet
  facet normal 0.946924 -0.321458 0
    outer loop
      vertex -9.30059 9.27529 1.6
      vertex -9.23962 9.45489 5.72205e-07
      vertex -9.23962 9.45489 1.6
    endloop
  endfacet
  facet normal 0.946924 -0.321458 0
    outer loop
      vertex -9.23962 9.45489 5.72205e-07
      vertex -9.30059 9.27529 1.6
      vertex -9.30059 9.27529 5.72205e-07
    endloop
  endfacet
  facet normal -0.94694 0.321411 0
    outer loop
      vertex -6.56037 8.34511 5.72205e-07
      vertex -6.49941 8.52471 1.6
      vertex -6.49941 8.52471 5.72205e-07
    endloop
  endfacet
  facet normal -0.94694 0.321411 0
    outer loop
      vertex -6.49941 8.52471 1.6
      vertex -6.56037 8.34511 5.72205e-07
      vertex -6.56037 8.34511 1.6
    endloop
  endfacet
  facet normal -0.980779 0.195122 0
    outer loop
      vertex -6.49941 8.52471 5.72205e-07
      vertex -6.4624 8.71074 1.6
      vertex -6.4624 8.71074 5.72205e-07
    endloop
  endfacet
  facet normal -0.980779 0.195122 0
    outer loop
      vertex -6.4624 8.71074 1.6
      vertex -6.49941 8.52471 5.72205e-07
      vertex -6.49941 8.52471 1.6
    endloop
  endfacet
  facet normal -0.5556 0.83145 0
    outer loop
      vertex -7.0173 7.74964 5.72205e-07
      vertex -7.175 7.64426 1.6
      vertex -7.0173 7.74964 1.6
    endloop
  endfacet
  facet normal -0.5556 0.83145 0
    outer loop
      vertex -7.175 7.64426 1.6
      vertex -7.0173 7.74964 5.72205e-07
      vertex -7.175 7.64426 5.72205e-07
    endloop
  endfacet
  facet normal -0.896871 0.442293 0
    outer loop
      vertex -6.64426 8.175 5.72205e-07
      vertex -6.56037 8.34511 1.6
      vertex -6.56037 8.34511 5.72205e-07
    endloop
  endfacet
  facet normal -0.896871 0.442293 0
    outer loop
      vertex -6.56037 8.34511 1.6
      vertex -6.64426 8.175 5.72205e-07
      vertex -6.64426 8.175 1.6
    endloop
  endfacet
  facet normal 0.980789 0.195072 0
    outer loop
      vertex -9.30059 8.52471 1.6
      vertex -9.33759 8.71074 5.72205e-07
      vertex -9.33759 8.71074 1.6
    endloop
  endfacet
  facet normal 0.980789 0.195072 0
    outer loop
      vertex -9.33759 8.71074 5.72205e-07
      vertex -9.30059 8.52471 1.6
      vertex -9.30059 8.52471 5.72205e-07
    endloop
  endfacet
  facet normal 0.946924 0.321458 0
    outer loop
      vertex -9.23962 8.34511 1.6
      vertex -9.30059 8.52471 5.72205e-07
      vertex -9.30059 8.52471 1.6
    endloop
  endfacet
  facet normal 0.946924 0.321458 0
    outer loop
      vertex -9.30059 8.52471 5.72205e-07
      vertex -9.23962 8.34511 1.6
      vertex -9.23962 8.34511 5.72205e-07
    endloop
  endfacet
  facet normal -0.321411 0.94694 0
    outer loop
      vertex -7.34511 7.56037 5.72205e-07
      vertex -7.52471 7.49941 1.6
      vertex -7.34511 7.56037 1.6
    endloop
  endfacet
  facet normal -0.321411 0.94694 0
    outer loop
      vertex -7.52471 7.49941 1.6
      vertex -7.34511 7.56037 5.72205e-07
      vertex -7.52471 7.49941 5.72205e-07
    endloop
  endfacet
  facet normal -0.659299 0.751881 0
    outer loop
      vertex -6.87469 7.87469 5.72205e-07
      vertex -7.0173 7.74964 1.6
      vertex -6.87469 7.87469 1.6
    endloop
  endfacet
  facet normal -0.659299 0.751881 0
    outer loop
      vertex -7.0173 7.74964 1.6
      vertex -6.87469 7.87469 5.72205e-07
      vertex -7.0173 7.74964 5.72205e-07
    endloop
  endfacet
  facet normal 0.0653782 0.997861 -0
    outer loop
      vertex -7.9 7.45 5.72205e-07
      vertex -8.08926 7.4624 1.6
      vertex -7.9 7.45 1.6
    endloop
  endfacet
  facet normal 0.0653782 0.997861 0
    outer loop
      vertex -8.08926 7.4624 1.6
      vertex -7.9 7.45 5.72205e-07
      vertex -8.08926 7.4624 5.72205e-07
    endloop
  endfacet
  facet normal 0.5556 0.83145 -0
    outer loop
      vertex -8.625 7.64426 5.72205e-07
      vertex -8.7827 7.74964 1.6
      vertex -8.625 7.64426 1.6
    endloop
  endfacet
  facet normal 0.5556 0.83145 0
    outer loop
      vertex -8.7827 7.74964 1.6
      vertex -8.625 7.64426 5.72205e-07
      vertex -8.7827 7.74964 5.72205e-07
    endloop
  endfacet
  facet normal 0.195122 0.980779 -0
    outer loop
      vertex -8.08926 7.4624 5.72205e-07
      vertex -8.27529 7.49941 1.6
      vertex -8.08926 7.4624 1.6
    endloop
  endfacet
  facet normal 0.195122 0.980779 0
    outer loop
      vertex -8.27529 7.49941 1.6
      vertex -8.08926 7.4624 5.72205e-07
      vertex -8.27529 7.49941 5.72205e-07
    endloop
  endfacet
  facet normal 0.751854 0.659329 0
    outer loop
      vertex -8.9253 7.87469 1.6
      vertex -9.05036 8.0173 5.72205e-07
      vertex -9.05036 8.0173 1.6
    endloop
  endfacet
  facet normal 0.751854 0.659329 0
    outer loop
      vertex -9.05036 8.0173 5.72205e-07
      vertex -8.9253 7.87469 1.6
      vertex -8.9253 7.87469 5.72205e-07
    endloop
  endfacet
  facet normal 0.442293 0.896871 -0
    outer loop
      vertex -8.45489 7.56037 5.72205e-07
      vertex -8.625 7.64426 1.6
      vertex -8.45489 7.56037 1.6
    endloop
  endfacet
  facet normal 0.442293 0.896871 0
    outer loop
      vertex -8.625 7.64426 1.6
      vertex -8.45489 7.56037 5.72205e-07
      vertex -8.625 7.64426 5.72205e-07
    endloop
  endfacet
  facet normal 0.659325 0.751858 -0
    outer loop
      vertex -8.7827 7.74964 5.72205e-07
      vertex -8.9253 7.87469 1.6
      vertex -8.7827 7.74964 1.6
    endloop
  endfacet
  facet normal 0.659325 0.751858 0
    outer loop
      vertex -8.9253 7.87469 1.6
      vertex -8.7827 7.74964 5.72205e-07
      vertex -8.9253 7.87469 5.72205e-07
    endloop
  endfacet
  facet normal -0.997857 -0.0654307 0
    outer loop
      vertex 9.35 8.9 5.72205e-07
      vertex 9.33759 9.08926 1.6
      vertex 9.33759 9.08926 5.72205e-07
    endloop
  endfacet
  facet normal -0.997857 -0.0654307 0
    outer loop
      vertex 9.33759 9.08926 1.6
      vertex 9.35 8.9 5.72205e-07
      vertex 9.35 8.9 1.6
    endloop
  endfacet
  facet normal 0.997861 -0.0653782 0
    outer loop
      vertex 6.45 8.9 1.6
      vertex 6.4624 9.08926 5.72205e-07
      vertex 6.4624 9.08926 1.6
    endloop
  endfacet
  facet normal 0.997861 -0.0653782 0
    outer loop
      vertex 6.4624 9.08926 5.72205e-07
      vertex 6.45 8.9 1.6
      vertex 6.45 8.9 5.72205e-07
    endloop
  endfacet
  facet normal 0.0653782 -0.997861 0
    outer loop
      vertex 7.71074 10.3376 5.72205e-07
      vertex 7.9 10.35 1.6
      vertex 7.71074 10.3376 1.6
    endloop
  endfacet
  facet normal 0.0653782 -0.997861 0
    outer loop
      vertex 7.9 10.35 1.6
      vertex 7.71074 10.3376 5.72205e-07
      vertex 7.9 10.35 5.72205e-07
    endloop
  endfacet
  facet normal -0.0653782 0.997861 0
    outer loop
      vertex 8.08926 7.4624 5.72205e-07
      vertex 7.9 7.45 1.6
      vertex 8.08926 7.4624 1.6
    endloop
  endfacet
  facet normal -0.0653782 0.997861 0
    outer loop
      vertex 7.9 7.45 1.6
      vertex 8.08926 7.4624 5.72205e-07
      vertex 7.9 7.45 5.72205e-07
    endloop
  endfacet
  facet normal -0.659474 -0.751727 0
    outer loop
      vertex 8.7827 10.0504 5.72205e-07
      vertex 8.9253 9.9253 1.6
      vertex 8.7827 10.0504 1.6
    endloop
  endfacet
  facet normal -0.659474 -0.751727 -0
    outer loop
      vertex 8.9253 9.9253 1.6
      vertex 8.7827 10.0504 5.72205e-07
      vertex 8.9253 9.9253 5.72205e-07
    endloop
  endfacet
  facet normal 0.659448 -0.75175 0
    outer loop
      vertex 6.87469 9.9253 5.72205e-07
      vertex 7.0173 10.0504 1.6
      vertex 6.87469 9.9253 1.6
    endloop
  endfacet
  facet normal 0.659448 -0.75175 0
    outer loop
      vertex 7.0173 10.0504 1.6
      vertex 6.87469 9.9253 5.72205e-07
      vertex 7.0173 10.0504 5.72205e-07
    endloop
  endfacet
  facet normal 0.3216 -0.946876 0
    outer loop
      vertex 7.34511 10.2396 5.72205e-07
      vertex 7.52471 10.3006 1.6
      vertex 7.34511 10.2396 1.6
    endloop
  endfacet
  facet normal 0.3216 -0.946876 0
    outer loop
      vertex 7.52471 10.3006 1.6
      vertex 7.34511 10.2396 5.72205e-07
      vertex 7.52471 10.3006 5.72205e-07
    endloop
  endfacet
  facet normal -0.83145 0.5556 0
    outer loop
      vertex 9.05036 8.0173 5.72205e-07
      vertex 9.15574 8.175 1.6
      vertex 9.15574 8.175 5.72205e-07
    endloop
  endfacet
  facet normal -0.83145 0.5556 0
    outer loop
      vertex 9.15574 8.175 1.6
      vertex 9.05036 8.0173 5.72205e-07
      vertex 9.05036 8.0173 1.6
    endloop
  endfacet
  facet normal -0.896891 -0.442251 0
    outer loop
      vertex 9.23962 9.45489 5.72205e-07
      vertex 9.15574 9.625 1.6
      vertex 9.15574 9.625 5.72205e-07
    endloop
  endfacet
  facet normal -0.896891 -0.442251 0
    outer loop
      vertex 9.15574 9.625 1.6
      vertex 9.23962 9.45489 5.72205e-07
      vertex 9.23962 9.45489 1.6
    endloop
  endfacet
  facet normal -0.3216 -0.946876 0
    outer loop
      vertex 8.27529 10.3006 5.72205e-07
      vertex 8.45489 10.2396 1.6
      vertex 8.27529 10.3006 1.6
    endloop
  endfacet
  facet normal -0.3216 -0.946876 -0
    outer loop
      vertex 8.45489 10.2396 1.6
      vertex 8.27529 10.3006 5.72205e-07
      vertex 8.45489 10.2396 5.72205e-07
    endloop
  endfacet
  facet normal -0.195072 -0.980789 0
    outer loop
      vertex 8.08926 10.3376 5.72205e-07
      vertex 8.27529 10.3006 1.6
      vertex 8.08926 10.3376 1.6
    endloop
  endfacet
  facet normal -0.195072 -0.980789 -0
    outer loop
      vertex 8.27529 10.3006 1.6
      vertex 8.08926 10.3376 5.72205e-07
      vertex 8.27529 10.3006 5.72205e-07
    endloop
  endfacet
  facet normal -0.555309 -0.831644 0
    outer loop
      vertex 8.625 10.1557 5.72205e-07
      vertex 8.7827 10.0504 1.6
      vertex 8.625 10.1557 1.6
    endloop
  endfacet
  facet normal -0.555309 -0.831644 -0
    outer loop
      vertex 8.7827 10.0504 1.6
      vertex 8.625 10.1557 5.72205e-07
      vertex 8.7827 10.0504 5.72205e-07
    endloop
  endfacet
  facet normal 0.896871 -0.442293 0
    outer loop
      vertex 6.56037 9.45489 1.6
      vertex 6.64426 9.625 5.72205e-07
      vertex 6.64426 9.625 1.6
    endloop
  endfacet
  facet normal 0.896871 -0.442293 0
    outer loop
      vertex 6.64426 9.625 5.72205e-07
      vertex 6.56037 9.45489 1.6
      vertex 6.56037 9.45489 5.72205e-07
    endloop
  endfacet
  facet normal 0.442335 -0.89685 0
    outer loop
      vertex 7.175 10.1557 5.72205e-07
      vertex 7.34511 10.2396 1.6
      vertex 7.175 10.1557 1.6
    endloop
  endfacet
  facet normal 0.442335 -0.89685 0
    outer loop
      vertex 7.34511 10.2396 1.6
      vertex 7.175 10.1557 5.72205e-07
      vertex 7.34511 10.2396 5.72205e-07
    endloop
  endfacet
  facet normal 0.195072 -0.980789 0
    outer loop
      vertex 7.52471 10.3006 5.72205e-07
      vertex 7.71074 10.3376 1.6
      vertex 7.52471 10.3006 1.6
    endloop
  endfacet
  facet normal 0.195072 -0.980789 0
    outer loop
      vertex 7.71074 10.3376 1.6
      vertex 7.52471 10.3006 5.72205e-07
      vertex 7.71074 10.3376 5.72205e-07
    endloop
  endfacet
  facet normal -0.980789 0.195072 0
    outer loop
      vertex 9.30059 8.52471 5.72205e-07
      vertex 9.33759 8.71074 1.6
      vertex 9.33759 8.71074 5.72205e-07
    endloop
  endfacet
  facet normal -0.980789 0.195072 0
    outer loop
      vertex 9.33759 8.71074 1.6
      vertex 9.30059 8.52471 5.72205e-07
      vertex 9.30059 8.52471 1.6
    endloop
  endfacet
  facet normal -0.195122 0.980779 0
    outer loop
      vertex 8.27529 7.49941 5.72205e-07
      vertex 8.08926 7.4624 1.6
      vertex 8.27529 7.49941 1.6
    endloop
  endfacet
  facet normal -0.195122 0.980779 0
    outer loop
      vertex 8.08926 7.4624 1.6
      vertex 8.27529 7.49941 5.72205e-07
      vertex 8.08926 7.4624 5.72205e-07
    endloop
  endfacet
  facet normal -0.442293 0.896871 0
    outer loop
      vertex 8.625 7.64426 5.72205e-07
      vertex 8.45489 7.56037 1.6
      vertex 8.625 7.64426 1.6
    endloop
  endfacet
  facet normal -0.442293 0.896871 0
    outer loop
      vertex 8.45489 7.56037 1.6
      vertex 8.625 7.64426 5.72205e-07
      vertex 8.45489 7.56037 5.72205e-07
    endloop
  endfacet
  facet normal -0.946924 -0.321458 0
    outer loop
      vertex 9.30059 9.27529 5.72205e-07
      vertex 9.23962 9.45489 1.6
      vertex 9.23962 9.45489 5.72205e-07
    endloop
  endfacet
  facet normal -0.946924 -0.321458 0
    outer loop
      vertex 9.23962 9.45489 1.6
      vertex 9.30059 9.27529 5.72205e-07
      vertex 9.30059 9.27529 1.6
    endloop
  endfacet
  facet normal -0.980789 -0.195072 0
    outer loop
      vertex 9.33759 9.08926 5.72205e-07
      vertex 9.30059 9.27529 1.6
      vertex 9.30059 9.27529 5.72205e-07
    endloop
  endfacet
  facet normal -0.980789 -0.195072 0
    outer loop
      vertex 9.30059 9.27529 1.6
      vertex 9.33759 9.08926 5.72205e-07
      vertex 9.33759 9.08926 1.6
    endloop
  endfacet
  facet normal -0.751832 -0.659355 0
    outer loop
      vertex 9.05036 9.7827 5.72205e-07
      vertex 8.9253 9.9253 1.6
      vertex 8.9253 9.9253 5.72205e-07
    endloop
  endfacet
  facet normal -0.751832 -0.659355 0
    outer loop
      vertex 8.9253 9.9253 1.6
      vertex 9.05036 9.7827 5.72205e-07
      vertex 9.05036 9.7827 1.6
    endloop
  endfacet
  facet normal -0.83145 -0.5556 0
    outer loop
      vertex 9.15574 9.625 5.72205e-07
      vertex 9.05036 9.7827 1.6
      vertex 9.05036 9.7827 5.72205e-07
    endloop
  endfacet
  facet normal -0.83145 -0.5556 0
    outer loop
      vertex 9.05036 9.7827 1.6
      vertex 9.15574 9.625 5.72205e-07
      vertex 9.15574 9.625 1.6
    endloop
  endfacet
  facet normal -0.0653782 -0.997861 0
    outer loop
      vertex 7.9 10.35 5.72205e-07
      vertex 8.08926 10.3376 1.6
      vertex 7.9 10.35 1.6
    endloop
  endfacet
  facet normal -0.0653782 -0.997861 -0
    outer loop
      vertex 8.08926 10.3376 1.6
      vertex 7.9 10.35 5.72205e-07
      vertex 8.08926 10.3376 5.72205e-07
    endloop
  endfacet
  facet normal -0.442335 -0.89685 0
    outer loop
      vertex 8.45489 10.2396 5.72205e-07
      vertex 8.625 10.1557 1.6
      vertex 8.45489 10.2396 1.6
    endloop
  endfacet
  facet normal -0.442335 -0.89685 -0
    outer loop
      vertex 8.625 10.1557 1.6
      vertex 8.45489 10.2396 5.72205e-07
      vertex 8.625 10.1557 5.72205e-07
    endloop
  endfacet
  facet normal 0.83145 -0.5556 0
    outer loop
      vertex 6.64426 9.625 1.6
      vertex 6.74964 9.7827 5.72205e-07
      vertex 6.74964 9.7827 1.6
    endloop
  endfacet
  facet normal 0.83145 -0.5556 0
    outer loop
      vertex 6.74964 9.7827 5.72205e-07
      vertex 6.64426 9.625 1.6
      vertex 6.64426 9.625 5.72205e-07
    endloop
  endfacet
  facet normal 0.751858 -0.659325 0
    outer loop
      vertex 6.74964 9.7827 1.6
      vertex 6.87469 9.9253 5.72205e-07
      vertex 6.87469 9.9253 1.6
    endloop
  endfacet
  facet normal 0.751858 -0.659325 0
    outer loop
      vertex 6.87469 9.9253 5.72205e-07
      vertex 6.74964 9.7827 1.6
      vertex 6.74964 9.7827 5.72205e-07
    endloop
  endfacet
  facet normal 0.94694 -0.321411 0
    outer loop
      vertex 6.49941 9.27529 1.6
      vertex 6.56037 9.45489 5.72205e-07
      vertex 6.56037 9.45489 1.6
    endloop
  endfacet
  facet normal 0.94694 -0.321411 0
    outer loop
      vertex 6.56037 9.45489 5.72205e-07
      vertex 6.49941 9.27529 1.6
      vertex 6.49941 9.27529 5.72205e-07
    endloop
  endfacet
  facet normal 0.980779 -0.195122 0
    outer loop
      vertex 6.4624 9.08926 1.6
      vertex 6.49941 9.27529 5.72205e-07
      vertex 6.49941 9.27529 1.6
    endloop
  endfacet
  facet normal 0.980779 -0.195122 0
    outer loop
      vertex 6.49941 9.27529 5.72205e-07
      vertex 6.4624 9.08926 1.6
      vertex 6.4624 9.08926 5.72205e-07
    endloop
  endfacet
  facet normal 0.555309 -0.831644 0
    outer loop
      vertex 7.0173 10.0504 5.72205e-07
      vertex 7.175 10.1557 1.6
      vertex 7.0173 10.0504 1.6
    endloop
  endfacet
  facet normal 0.555309 -0.831644 0
    outer loop
      vertex 7.175 10.1557 1.6
      vertex 7.0173 10.0504 5.72205e-07
      vertex 7.175 10.1557 5.72205e-07
    endloop
  endfacet
  facet normal -0.997857 0.0654307 0
    outer loop
      vertex 9.33759 8.71074 5.72205e-07
      vertex 9.35 8.9 1.6
      vertex 9.35 8.9 5.72205e-07
    endloop
  endfacet
  facet normal -0.997857 0.0654307 0
    outer loop
      vertex 9.35 8.9 1.6
      vertex 9.33759 8.71074 5.72205e-07
      vertex 9.33759 8.71074 1.6
    endloop
  endfacet
  facet normal -0.5556 0.83145 0
    outer loop
      vertex 8.7827 7.74964 5.72205e-07
      vertex 8.625 7.64426 1.6
      vertex 8.7827 7.74964 1.6
    endloop
  endfacet
  facet normal -0.5556 0.83145 0
    outer loop
      vertex 8.625 7.64426 1.6
      vertex 8.7827 7.74964 5.72205e-07
      vertex 8.625 7.64426 5.72205e-07
    endloop
  endfacet
  facet normal -0.751854 0.659329 0
    outer loop
      vertex 8.9253 7.87469 5.72205e-07
      vertex 9.05036 8.0173 1.6
      vertex 9.05036 8.0173 5.72205e-07
    endloop
  endfacet
  facet normal -0.751854 0.659329 0
    outer loop
      vertex 9.05036 8.0173 1.6
      vertex 8.9253 7.87469 5.72205e-07
      vertex 8.9253 7.87469 1.6
    endloop
  endfacet
  facet normal 0.659299 0.751881 -0
    outer loop
      vertex 7.0173 7.74964 5.72205e-07
      vertex 6.87469 7.87469 1.6
      vertex 7.0173 7.74964 1.6
    endloop
  endfacet
  facet normal 0.659299 0.751881 0
    outer loop
      vertex 6.87469 7.87469 1.6
      vertex 7.0173 7.74964 5.72205e-07
      vertex 6.87469 7.87469 5.72205e-07
    endloop
  endfacet
  facet normal 0.896871 0.442293 0
    outer loop
      vertex 6.64426 8.175 1.6
      vertex 6.56037 8.34511 5.72205e-07
      vertex 6.56037 8.34511 1.6
    endloop
  endfacet
  facet normal 0.896871 0.442293 0
    outer loop
      vertex 6.56037 8.34511 5.72205e-07
      vertex 6.64426 8.175 1.6
      vertex 6.64426 8.175 5.72205e-07
    endloop
  endfacet
  facet normal 0.83145 0.5556 0
    outer loop
      vertex 6.74964 8.0173 1.6
      vertex 6.64426 8.175 5.72205e-07
      vertex 6.64426 8.175 1.6
    endloop
  endfacet
  facet normal 0.83145 0.5556 0
    outer loop
      vertex 6.64426 8.175 5.72205e-07
      vertex 6.74964 8.0173 1.6
      vertex 6.74964 8.0173 5.72205e-07
    endloop
  endfacet
  facet normal -0.896891 0.442251 0
    outer loop
      vertex 9.15574 8.175 5.72205e-07
      vertex 9.23962 8.34511 1.6
      vertex 9.23962 8.34511 5.72205e-07
    endloop
  endfacet
  facet normal -0.896891 0.442251 0
    outer loop
      vertex 9.23962 8.34511 1.6
      vertex 9.15574 8.175 5.72205e-07
      vertex 9.15574 8.175 1.6
    endloop
  endfacet
  facet normal 0.751881 0.659299 0
    outer loop
      vertex 6.87469 7.87469 1.6
      vertex 6.74964 8.0173 5.72205e-07
      vertex 6.74964 8.0173 1.6
    endloop
  endfacet
  facet normal 0.751881 0.659299 0
    outer loop
      vertex 6.74964 8.0173 5.72205e-07
      vertex 6.87469 7.87469 1.6
      vertex 6.87469 7.87469 5.72205e-07
    endloop
  endfacet
  facet normal 0.980779 0.195122 0
    outer loop
      vertex 6.49941 8.52471 1.6
      vertex 6.4624 8.71074 5.72205e-07
      vertex 6.4624 8.71074 1.6
    endloop
  endfacet
  facet normal 0.980779 0.195122 0
    outer loop
      vertex 6.4624 8.71074 5.72205e-07
      vertex 6.49941 8.52471 1.6
      vertex 6.49941 8.52471 5.72205e-07
    endloop
  endfacet
  facet normal 0.997861 0.0653782 0
    outer loop
      vertex 6.4624 8.71074 1.6
      vertex 6.45 8.9 5.72205e-07
      vertex 6.45 8.9 1.6
    endloop
  endfacet
  facet normal 0.997861 0.0653782 0
    outer loop
      vertex 6.45 8.9 5.72205e-07
      vertex 6.4624 8.71074 1.6
      vertex 6.4624 8.71074 5.72205e-07
    endloop
  endfacet
  facet normal 0.94694 0.321411 0
    outer loop
      vertex 6.56037 8.34511 1.6
      vertex 6.49941 8.52471 5.72205e-07
      vertex 6.49941 8.52471 1.6
    endloop
  endfacet
  facet normal 0.94694 0.321411 0
    outer loop
      vertex 6.49941 8.52471 5.72205e-07
      vertex 6.56037 8.34511 1.6
      vertex 6.56037 8.34511 5.72205e-07
    endloop
  endfacet
  facet normal -0.321411 0.94694 0
    outer loop
      vertex 8.45489 7.56037 5.72205e-07
      vertex 8.27529 7.49941 1.6
      vertex 8.45489 7.56037 1.6
    endloop
  endfacet
  facet normal -0.321411 0.94694 0
    outer loop
      vertex 8.27529 7.49941 1.6
      vertex 8.45489 7.56037 5.72205e-07
      vertex 8.27529 7.49941 5.72205e-07
    endloop
  endfacet
  facet normal -0.659325 0.751858 0
    outer loop
      vertex 8.9253 7.87469 5.72205e-07
      vertex 8.7827 7.74964 1.6
      vertex 8.9253 7.87469 1.6
    endloop
  endfacet
  facet normal -0.659325 0.751858 0
    outer loop
      vertex 8.7827 7.74964 1.6
      vertex 8.9253 7.87469 5.72205e-07
      vertex 8.7827 7.74964 5.72205e-07
    endloop
  endfacet
  facet normal -0.946924 0.321458 0
    outer loop
      vertex 9.23962 8.34511 5.72205e-07
      vertex 9.30059 8.52471 1.6
      vertex 9.30059 8.52471 5.72205e-07
    endloop
  endfacet
  facet normal -0.946924 0.321458 0
    outer loop
      vertex 9.30059 8.52471 1.6
      vertex 9.23962 8.34511 5.72205e-07
      vertex 9.23962 8.34511 1.6
    endloop
  endfacet
  facet normal 0.0653782 0.997861 -0
    outer loop
      vertex 7.9 7.45 5.72205e-07
      vertex 7.71074 7.4624 1.6
      vertex 7.9 7.45 1.6
    endloop
  endfacet
  facet normal 0.0653782 0.997861 0
    outer loop
      vertex 7.71074 7.4624 1.6
      vertex 7.9 7.45 5.72205e-07
      vertex 7.71074 7.4624 5.72205e-07
    endloop
  endfacet
  facet normal 0.321411 0.94694 -0
    outer loop
      vertex 7.52471 7.49941 5.72205e-07
      vertex 7.34511 7.56037 1.6
      vertex 7.52471 7.49941 1.6
    endloop
  endfacet
  facet normal 0.321411 0.94694 0
    outer loop
      vertex 7.34511 7.56037 1.6
      vertex 7.52471 7.49941 5.72205e-07
      vertex 7.34511 7.56037 5.72205e-07
    endloop
  endfacet
  facet normal 0.195122 0.980779 -0
    outer loop
      vertex 7.71074 7.4624 5.72205e-07
      vertex 7.52471 7.49941 1.6
      vertex 7.71074 7.4624 1.6
    endloop
  endfacet
  facet normal 0.195122 0.980779 0
    outer loop
      vertex 7.52471 7.49941 1.6
      vertex 7.71074 7.4624 5.72205e-07
      vertex 7.52471 7.49941 5.72205e-07
    endloop
  endfacet
  facet normal 0.5556 0.83145 -0
    outer loop
      vertex 7.175 7.64426 5.72205e-07
      vertex 7.0173 7.74964 1.6
      vertex 7.175 7.64426 1.6
    endloop
  endfacet
  facet normal 0.5556 0.83145 0
    outer loop
      vertex 7.0173 7.74964 1.6
      vertex 7.175 7.64426 5.72205e-07
      vertex 7.0173 7.74964 5.72205e-07
    endloop
  endfacet
  facet normal 0.442293 0.896871 -0
    outer loop
      vertex 7.34511 7.56037 5.72205e-07
      vertex 7.175 7.64426 1.6
      vertex 7.34511 7.56037 1.6
    endloop
  endfacet
  facet normal 0.442293 0.896871 0
    outer loop
      vertex 7.175 7.64426 1.6
      vertex 7.34511 7.56037 5.72205e-07
      vertex 7.175 7.64426 5.72205e-07
    endloop
  endfacet
  facet normal 0 0 -1
    outer loop
      vertex -8.9318 3.48694 0.4
      vertex -8.41167 4.43022 0.4
      vertex -8.41167 3.48694 0.4
    endloop
  endfacet
  facet normal -0 0 -1
    outer loop
      vertex -8.41167 4.43022 0.4
      vertex -8.9318 3.48694 0.4
      vertex -8.41167 4.83396 0.4
    endloop
  endfacet
  facet normal 0 0 -1
    outer loop
      vertex -8.9318 5.97118 0.4
      vertex -8.41167 4.83396 0.4
      vertex -8.9318 3.48694 0.4
    endloop
  endfacet
  facet normal 0 0 -1
    outer loop
      vertex -7.2251 3.48694 0.4
      vertex -7.3115 4.53072 0.4
      vertex -6.63973 3.48694 0.4
    endloop
  endfacet
  facet normal 0 0 -1
    outer loop
      vertex -6.95572 4.72867 0.4
      vertex -7.3444 4.99559 0.4
      vertex -7.32368 5.03189 0.4
    endloop
  endfacet
  facet normal 0 0 -1
    outer loop
      vertex -7.24158 4.55049 0.4
      vertex -7.36973 4.96251 0.4
      vertex -7.3444 4.99559 0.4
    endloop
  endfacet
  facet normal 0 0 -1
    outer loop
      vertex -7.80166 4.43022 0.4
      vertex -7.3115 4.53072 0.4
      vertex -7.2251 3.48694 0.4
    endloop
  endfacet
  facet normal 0 0 -1
    outer loop
      vertex -7.24158 4.55049 0.4
      vertex -7.39966 4.93268 0.4
      vertex -7.36973 4.96251 0.4
    endloop
  endfacet
  facet normal 0 0 -1
    outer loop
      vertex -7.24158 4.55049 0.4
      vertex -7.43406 4.9065 0.4
      vertex -7.39966 4.93268 0.4
    endloop
  endfacet
  facet normal 0 -0 -1
    outer loop
      vertex -7.61483 4.84203 0.4
      vertex -7.3115 4.53072 0.4
      vertex -7.80166 4.43022 0.4
    endloop
  endfacet
  facet normal 0 0 -1
    outer loop
      vertex -7.3115 4.53072 0.4
      vertex -7.47278 4.88433 0.4
      vertex -7.43406 4.9065 0.4
    endloop
  endfacet
  facet normal 0 0 -1
    outer loop
      vertex -7.3115 4.53072 0.4
      vertex -7.51581 4.8662 0.4
      vertex -7.47278 4.88433 0.4
    endloop
  endfacet
  facet normal 0 0 -1
    outer loop
      vertex -7.3115 4.53072 0.4
      vertex -7.56316 4.8521 0.4
      vertex -7.51581 4.8662 0.4
    endloop
  endfacet
  facet normal 0 0 -1
    outer loop
      vertex -7.3115 4.53072 0.4
      vertex -7.61483 4.84203 0.4
      vertex -7.56316 4.8521 0.4
    endloop
  endfacet
  facet normal 0 0 -1
    outer loop
      vertex -7.61483 4.84203 0.4
      vertex -7.80166 4.43022 0.4
      vertex -7.67081 4.83597 0.4
    endloop
  endfacet
  facet normal 0 0 -1
    outer loop
      vertex -7.67081 4.83597 0.4
      vertex -7.80166 4.43022 0.4
      vertex -7.73112 4.83396 0.4
    endloop
  endfacet
  facet normal 0 0 -1
    outer loop
      vertex -8.41167 4.83396 0.4
      vertex -7.80166 4.43022 0.4
      vertex -8.41167 4.43022 0.4
    endloop
  endfacet
  facet normal 0 0 -1
    outer loop
      vertex -7.80166 4.43022 0.4
      vertex -8.41167 4.83396 0.4
      vertex -7.73112 4.83396 0.4
    endloop
  endfacet
  facet normal 0 0 -1
    outer loop
      vertex -7.28683 5.20951 0.4
      vertex -6.76316 5.23067 0.4
      vertex -6.76618 5.15757 0.4
    endloop
  endfacet
  facet normal 0 0 -1
    outer loop
      vertex -7.28913 5.16025 0.4
      vertex -6.76618 5.15757 0.4
      vertex -6.77524 5.08737 0.4
    endloop
  endfacet
  facet normal -0 0 -1
    outer loop
      vertex -6.76316 5.23067 0.4
      vertex -7.28683 5.20951 0.4
      vertex -6.76809 5.32953 0.4
    endloop
  endfacet
  facet normal 0 0 -1
    outer loop
      vertex -7.28913 5.16025 0.4
      vertex -6.77524 5.08737 0.4
      vertex -6.79037 5.02011 0.4
    endloop
  endfacet
  facet normal 0 0 -1
    outer loop
      vertex -7.29618 5.30446 0.4
      vertex -6.76809 5.32953 0.4
      vertex -7.28683 5.20951 0.4
    endloop
  endfacet
  facet normal 0 0 -1
    outer loop
      vertex -7.29604 5.11423 0.4
      vertex -6.79037 5.02011 0.4
      vertex -6.81153 4.95575 0.4
    endloop
  endfacet
  facet normal 0 0 -1
    outer loop
      vertex -7.29604 5.11423 0.4
      vertex -6.81153 4.95575 0.4
      vertex -6.83874 4.89431 0.4
    endloop
  endfacet
  facet normal -0 0 -1
    outer loop
      vertex -6.76809 5.32953 0.4
      vertex -7.29618 5.30446 0.4
      vertex -6.78287 5.42159 0.4
    endloop
  endfacet
  facet normal 0 0 -1
    outer loop
      vertex -7.30755 5.07144 0.4
      vertex -6.83874 4.89431 0.4
      vertex -6.87198 4.83579 0.4
    endloop
  endfacet
  facet normal -0 0 -1
    outer loop
      vertex -6.78287 5.42159 0.4
      vertex -7.29618 5.30446 0.4
      vertex -6.80753 5.50685 0.4
    endloop
  endfacet
  facet normal 0 0 -1
    outer loop
      vertex -7.32368 5.03189 0.4
      vertex -6.87198 4.83579 0.4
      vertex -6.91128 4.78017 0.4
    endloop
  endfacet
  facet normal 0 0 -1
    outer loop
      vertex -7.32424 5.38481 0.4
      vertex -6.80753 5.50685 0.4
      vertex -7.29618 5.30446 0.4
    endloop
  endfacet
  facet normal 0 0 -1
    outer loop
      vertex -7.32368 5.03189 0.4
      vertex -6.91128 4.78017 0.4
      vertex -6.95572 4.72867 0.4
    endloop
  endfacet
  facet normal 0 0 -1
    outer loop
      vertex -7.3444 4.99559 0.4
      vertex -6.95572 4.72867 0.4
      vertex -7.0044 4.68247 0.4
    endloop
  endfacet
  facet normal -0 0 -1
    outer loop
      vertex -6.80753 5.50685 0.4
      vertex -7.32424 5.38481 0.4
      vertex -6.84203 5.58531 0.4
    endloop
  endfacet
  facet normal 0 0 -1
    outer loop
      vertex -7.3444 4.99559 0.4
      vertex -7.0044 4.68247 0.4
      vertex -7.05733 4.64154 0.4
    endloop
  endfacet
  facet normal -0 0 -1
    outer loop
      vertex -6.84203 5.58531 0.4
      vertex -7.32424 5.38481 0.4
      vertex -6.8864 5.65697 0.4
    endloop
  endfacet
  facet normal 0 0 -1
    outer loop
      vertex -7.3444 4.99559 0.4
      vertex -7.05733 4.64154 0.4
      vertex -7.11451 4.6059 0.4
    endloop
  endfacet
  facet normal -0 0 -1
    outer loop
      vertex -6.8864 5.65697 0.4
      vertex -7.32424 5.38481 0.4
      vertex -6.94063 5.72182 0.4
    endloop
  endfacet
  facet normal 0 0 -1
    outer loop
      vertex -7.3444 4.99559 0.4
      vertex -7.11451 4.6059 0.4
      vertex -7.17592 4.57555 0.4
    endloop
  endfacet
  facet normal 0 0 -1
    outer loop
      vertex -7.3444 4.99559 0.4
      vertex -7.17592 4.57555 0.4
      vertex -7.24158 4.55049 0.4
    endloop
  endfacet
  facet normal -0 0 -1
    outer loop
      vertex -6.94063 5.72182 0.4
      vertex -7.32424 5.38481 0.4
      vertex -7.00472 5.77986 0.4
    endloop
  endfacet
  facet normal 0 0 -1
    outer loop
      vertex -7.37102 5.45055 0.4
      vertex -7.00472 5.77986 0.4
      vertex -7.32424 5.38481 0.4
    endloop
  endfacet
  facet normal 0 0 -1
    outer loop
      vertex -6.76618 5.15757 0.4
      vertex -7.28913 5.16025 0.4
      vertex -7.28683 5.20951 0.4
    endloop
  endfacet
  facet normal 0 0 -1
    outer loop
      vertex -6.79037 5.02011 0.4
      vertex -7.29604 5.11423 0.4
      vertex -7.28913 5.16025 0.4
    endloop
  endfacet
  facet normal 0 0 -1
    outer loop
      vertex -6.83874 4.89431 0.4
      vertex -7.30755 5.07144 0.4
      vertex -7.29604 5.11423 0.4
    endloop
  endfacet
  facet normal 0 0 -1
    outer loop
      vertex -7.43406 4.9065 0.4
      vertex -7.24158 4.55049 0.4
      vertex -7.3115 4.53072 0.4
    endloop
  endfacet
  facet normal 0 0 -1
    outer loop
      vertex -6.87198 4.83579 0.4
      vertex -7.32368 5.03189 0.4
      vertex -7.30755 5.07144 0.4
    endloop
  endfacet
  facet normal -0 0 -1
    outer loop
      vertex -7.00472 5.77986 0.4
      vertex -7.37102 5.45055 0.4
      vertex -7.07787 5.83063 0.4
    endloop
  endfacet
  facet normal -0 0 -1
    outer loop
      vertex -7.07787 5.83063 0.4
      vertex -7.37102 5.45055 0.4
      vertex -7.15931 5.87357 0.4
    endloop
  endfacet
  facet normal 0 0 -1
    outer loop
      vertex -7.43651 5.50168 0.4
      vertex -7.15931 5.87357 0.4
      vertex -7.37102 5.45055 0.4
    endloop
  endfacet
  facet normal -0 0 -1
    outer loop
      vertex -7.15931 5.87357 0.4
      vertex -7.43651 5.50168 0.4
      vertex -7.249 5.90871 0.4
    endloop
  endfacet
  facet normal -0 0 -1
    outer loop
      vertex -7.249 5.90871 0.4
      vertex -7.43651 5.50168 0.4
      vertex -7.34699 5.93604 0.4
    endloop
  endfacet
  facet normal 0 0 -1
    outer loop
      vertex -7.52071 5.53821 0.4
      vertex -7.34699 5.93604 0.4
      vertex -7.43651 5.50168 0.4
    endloop
  endfacet
  facet normal -0 0 -1
    outer loop
      vertex -7.34699 5.93604 0.4
      vertex -7.52071 5.53821 0.4
      vertex -7.45324 5.95555 0.4
    endloop
  endfacet
  facet normal 0 0 -1
    outer loop
      vertex -7.62362 5.56012 0.4
      vertex -7.45324 5.95555 0.4
      vertex -7.52071 5.53821 0.4
    endloop
  endfacet
  facet normal -0 0 -1
    outer loop
      vertex -7.45324 5.95555 0.4
      vertex -7.62362 5.56012 0.4
      vertex -7.56777 5.96727 0.4
    endloop
  endfacet
  facet normal 0 0 -1
    outer loop
      vertex -7.62362 5.56012 0.4
      vertex -7.69057 5.97118 0.4
      vertex -7.56777 5.96727 0.4
    endloop
  endfacet
  facet normal 0 0 -1
    outer loop
      vertex -7.74523 5.56742 0.4
      vertex -7.69057 5.97118 0.4
      vertex -7.62362 5.56012 0.4
    endloop
  endfacet
  facet normal 0 0 -1
    outer loop
      vertex -8.41167 5.56742 0.4
      vertex -7.69057 5.97118 0.4
      vertex -7.74523 5.56742 0.4
    endloop
  endfacet
  facet normal 0 0 -1
    outer loop
      vertex -8.41167 5.56742 0.4
      vertex -8.9318 5.97118 0.4
      vertex -7.69057 5.97118 0.4
    endloop
  endfacet
  facet normal 0 0 -1
    outer loop
      vertex -8.41167 4.83396 0.4
      vertex -8.9318 5.97118 0.4
      vertex -8.41167 5.56742 0.4
    endloop
  endfacet
  facet normal 0 1 -0
    outer loop
      vertex -7.80166 4.43022 5.72205e-07
      vertex -8.41167 4.43022 0.4
      vertex -7.80166 4.43022 0.4
    endloop
  endfacet
  facet normal 0 1 0
    outer loop
      vertex -8.41167 4.43022 0.4
      vertex -7.80166 4.43022 5.72205e-07
      vertex -8.41167 4.43022 5.72205e-07
    endloop
  endfacet
  facet normal 0.853237 0.521523 0
    outer loop
      vertex -7.2251 3.48694 0.4
      vertex -7.80166 4.43022 5.72205e-07
      vertex -7.80166 4.43022 0.4
    endloop
  endfacet
  facet normal 0.853237 0.521523 0
    outer loop
      vertex -7.80166 4.43022 5.72205e-07
      vertex -7.2251 3.48694 0.4
      vertex -7.2251 3.48694 5.72205e-07
    endloop
  endfacet
  facet normal 0 1 -0
    outer loop
      vertex -6.63973 3.48694 5.72205e-07
      vertex -7.2251 3.48694 0.4
      vertex -6.63973 3.48694 0.4
    endloop
  endfacet
  facet normal 0 1 0
    outer loop
      vertex -7.2251 3.48694 0.4
      vertex -6.63973 3.48694 5.72205e-07
      vertex -7.2251 3.48694 5.72205e-07
    endloop
  endfacet
  facet normal -0.840897 -0.541196 0
    outer loop
      vertex -6.63973 3.48694 5.72205e-07
      vertex -7.3115 4.53072 0.4
      vertex -7.3115 4.53072 5.72205e-07
    endloop
  endfacet
  facet normal -0.840897 -0.541196 0
    outer loop
      vertex -7.3115 4.53072 0.4
      vertex -6.63973 3.48694 5.72205e-07
      vertex -6.63973 3.48694 0.4
    endloop
  endfacet
  facet normal -0.272084 0.962273 0
    outer loop
      vertex -7.24158 4.55049 5.72205e-07
      vertex -7.3115 4.53072 0.4
      vertex -7.24158 4.55049 0.4
    endloop
  endfacet
  facet normal -0.272084 0.962273 0
    outer loop
      vertex -7.3115 4.53072 0.4
      vertex -7.24158 4.55049 5.72205e-07
      vertex -7.3115 4.53072 5.72205e-07
    endloop
  endfacet
  facet normal -0.356575 0.934267 0
    outer loop
      vertex -7.17592 4.57555 5.72205e-07
      vertex -7.24158 4.55049 0.4
      vertex -7.17592 4.57555 0.4
    endloop
  endfacet
  facet normal -0.356575 0.934267 0
    outer loop
      vertex -7.24158 4.55049 0.4
      vertex -7.17592 4.57555 5.72205e-07
      vertex -7.24158 4.55049 5.72205e-07
    endloop
  endfacet
  facet normal -0.443063 0.896491 0
    outer loop
      vertex -7.11451 4.6059 5.72205e-07
      vertex -7.17592 4.57555 0.4
      vertex -7.11451 4.6059 0.4
    endloop
  endfacet
  facet normal -0.443063 0.896491 0
    outer loop
      vertex -7.17592 4.57555 0.4
      vertex -7.11451 4.6059 5.72205e-07
      vertex -7.17592 4.57555 5.72205e-07
    endloop
  endfacet
  facet normal -0.528958 0.848648 0
    outer loop
      vertex -7.05733 4.64154 5.72205e-07
      vertex -7.11451 4.6059 0.4
      vertex -7.05733 4.64154 0.4
    endloop
  endfacet
  facet normal -0.528958 0.848648 0
    outer loop
      vertex -7.11451 4.6059 0.4
      vertex -7.05733 4.64154 5.72205e-07
      vertex -7.11451 4.6059 5.72205e-07
    endloop
  endfacet
  facet normal -0.611724 0.791071 0
    outer loop
      vertex -7.0044 4.68247 5.72205e-07
      vertex -7.05733 4.64154 0.4
      vertex -7.0044 4.68247 0.4
    endloop
  endfacet
  facet normal -0.611724 0.791071 0
    outer loop
      vertex -7.05733 4.64154 0.4
      vertex -7.0044 4.68247 5.72205e-07
      vertex -7.05733 4.64154 5.72205e-07
    endloop
  endfacet
  facet normal -0.688389 0.725342 0
    outer loop
      vertex -6.95572 4.72867 5.72205e-07
      vertex -7.0044 4.68247 0.4
      vertex -6.95572 4.72867 0.4
    endloop
  endfacet
  facet normal -0.688389 0.725342 0
    outer loop
      vertex -7.0044 4.68247 0.4
      vertex -6.95572 4.72867 5.72205e-07
      vertex -7.0044 4.68247 5.72205e-07
    endloop
  endfacet
  facet normal -0.757094 0.653306 0
    outer loop
      vertex -6.95572 4.72867 5.72205e-07
      vertex -6.91128 4.78017 0.4
      vertex -6.91128 4.78017 5.72205e-07
    endloop
  endfacet
  facet normal -0.757094 0.653306 0
    outer loop
      vertex -6.91128 4.78017 0.4
      vertex -6.95572 4.72867 5.72205e-07
      vertex -6.95572 4.72867 0.4
    endloop
  endfacet
  facet normal -0.816699 0.577064 0
    outer loop
      vertex -6.91128 4.78017 5.72205e-07
      vertex -6.87198 4.83579 0.4
      vertex -6.87198 4.83579 5.72205e-07
    endloop
  endfacet
  facet normal -0.816699 0.577064 0
    outer loop
      vertex -6.87198 4.83579 0.4
      vertex -6.91128 4.78017 5.72205e-07
      vertex -6.91128 4.78017 0.4
    endloop
  endfacet
  facet normal -0.86952 0.493897 0
    outer loop
      vertex -6.87198 4.83579 5.72205e-07
      vertex -6.83874 4.89431 0.4
      vertex -6.83874 4.89431 5.72205e-07
    endloop
  endfacet
  facet normal -0.86952 0.493897 0
    outer loop
      vertex -6.83874 4.89431 0.4
      vertex -6.87198 4.83579 5.72205e-07
      vertex -6.87198 4.83579 0.4
    endloop
  endfacet
  facet normal -0.914345 0.404937 0
    outer loop
      vertex -6.83874 4.89431 5.72205e-07
      vertex -6.81153 4.95575 0.4
      vertex -6.81153 4.95575 5.72205e-07
    endloop
  endfacet
  facet normal -0.914345 0.404937 0
    outer loop
      vertex -6.81153 4.95575 0.4
      vertex -6.83874 4.89431 5.72205e-07
      vertex -6.83874 4.89431 0.4
    endloop
  endfacet
  facet normal -0.949974 0.312328 0
    outer loop
      vertex -6.81153 4.95575 5.72205e-07
      vertex -6.79037 5.02011 0.4
      vertex -6.79037 5.02011 5.72205e-07
    endloop
  endfacet
  facet normal -0.949974 0.312328 0
    outer loop
      vertex -6.79037 5.02011 0.4
      vertex -6.81153 4.95575 5.72205e-07
      vertex -6.81153 4.95575 0.4
    endloop
  endfacet
  facet normal -0.975621 0.219464 0
    outer loop
      vertex -6.79037 5.02011 5.72205e-07
      vertex -6.77524 5.08737 0.4
      vertex -6.77524 5.08737 5.72205e-07
    endloop
  endfacet
  facet normal -0.975621 0.219464 0
    outer loop
      vertex -6.77524 5.08737 0.4
      vertex -6.79037 5.02011 5.72205e-07
      vertex -6.79037 5.02011 0.4
    endloop
  endfacet
  facet normal -0.991774 0.127998 0
    outer loop
      vertex -6.77524 5.08737 5.72205e-07
      vertex -6.76618 5.15757 0.4
      vertex -6.76618 5.15757 5.72205e-07
    endloop
  endfacet
  facet normal -0.991774 0.127998 0
    outer loop
      vertex -6.76618 5.15757 0.4
      vertex -6.77524 5.08737 5.72205e-07
      vertex -6.77524 5.08737 0.4
    endloop
  endfacet
  facet normal -0.999148 0.0412781 0
    outer loop
      vertex -6.76618 5.15757 5.72205e-07
      vertex -6.76316 5.23067 0.4
      vertex -6.76316 5.23067 5.72205e-07
    endloop
  endfacet
  facet normal -0.999148 0.0412781 0
    outer loop
      vertex -6.76316 5.23067 0.4
      vertex -6.76618 5.15757 5.72205e-07
      vertex -6.76618 5.15757 0.4
    endloop
  endfacet
  facet normal -0.998759 -0.0498066 0
    outer loop
      vertex -6.76316 5.23067 5.72205e-07
      vertex -6.76809 5.32953 0.4
      vertex -6.76809 5.32953 5.72205e-07
    endloop
  endfacet
  facet normal -0.998759 -0.0498066 0
    outer loop
      vertex -6.76809 5.32953 0.4
      vertex -6.76316 5.23067 5.72205e-07
      vertex -6.76316 5.23067 0.4
    endloop
  endfacet
  facet normal -0.987356 -0.158518 0
    outer loop
      vertex -6.76809 5.32953 5.72205e-07
      vertex -6.78287 5.42159 0.4
      vertex -6.78287 5.42159 5.72205e-07
    endloop
  endfacet
  facet normal -0.987356 -0.158518 0
    outer loop
      vertex -6.78287 5.42159 0.4
      vertex -6.76809 5.32953 5.72205e-07
      vertex -6.76809 5.32953 0.4
    endloop
  endfacet
  facet normal -0.960626 -0.277845 0
    outer loop
      vertex -6.78287 5.42159 5.72205e-07
      vertex -6.80753 5.50685 0.4
      vertex -6.80753 5.50685 5.72205e-07
    endloop
  endfacet
  facet normal -0.960626 -0.277845 0
    outer loop
      vertex -6.80753 5.50685 0.4
      vertex -6.78287 5.42159 5.72205e-07
      vertex -6.78287 5.42159 0.4
    endloop
  endfacet
  facet normal -0.915411 -0.40252 0
    outer loop
      vertex -6.80753 5.50685 5.72205e-07
      vertex -6.84203 5.58531 0.4
      vertex -6.84203 5.58531 5.72205e-07
    endloop
  endfacet
  facet normal -0.915411 -0.40252 0
    outer loop
      vertex -6.84203 5.58531 0.4
      vertex -6.80753 5.50685 5.72205e-07
      vertex -6.80753 5.50685 0.4
    endloop
  endfacet
  facet normal -0.850217 -0.526432 0
    outer loop
      vertex -6.84203 5.58531 5.72205e-07
      vertex -6.8864 5.65697 0.4
      vertex -6.8864 5.65697 5.72205e-07
    endloop
  endfacet
  facet normal -0.850217 -0.526432 0
    outer loop
      vertex -6.8864 5.65697 0.4
      vertex -6.84203 5.58531 5.72205e-07
      vertex -6.84203 5.58531 0.4
    endloop
  endfacet
  facet normal -0.767124 -0.641498 0
    outer loop
      vertex -6.8864 5.65697 5.72205e-07
      vertex -6.94063 5.72182 0.4
      vertex -6.94063 5.72182 5.72205e-07
    endloop
  endfacet
  facet normal -0.767124 -0.641498 0
    outer loop
      vertex -6.94063 5.72182 0.4
      vertex -6.8864 5.65697 5.72205e-07
      vertex -6.8864 5.65697 0.4
    endloop
  endfacet
  facet normal -0.671255 -0.741226 0
    outer loop
      vertex -7.00472 5.77986 5.72205e-07
      vertex -6.94063 5.72182 0.4
      vertex -7.00472 5.77986 0.4
    endloop
  endfacet
  facet normal -0.671255 -0.741226 -0
    outer loop
      vertex -6.94063 5.72182 0.4
      vertex -7.00472 5.77986 5.72205e-07
      vertex -6.94063 5.72182 5.72205e-07
    endloop
  endfacet
  facet normal -0.570179 -0.82152 0
    outer loop
      vertex -7.07787 5.83063 5.72205e-07
      vertex -7.00472 5.77986 0.4
      vertex -7.07787 5.83063 0.4
    endloop
  endfacet
  facet normal -0.570179 -0.82152 -0
    outer loop
      vertex -7.00472 5.77986 0.4
      vertex -7.07787 5.83063 5.72205e-07
      vertex -7.00472 5.77986 5.72205e-07
    endloop
  endfacet
  facet normal -0.4664 -0.884574 0
    outer loop
      vertex -7.15931 5.87357 5.72205e-07
      vertex -7.07787 5.83063 0.4
      vertex -7.15931 5.87357 0.4
    endloop
  endfacet
  facet normal -0.4664 -0.884574 -0
    outer loop
      vertex -7.07787 5.83063 0.4
      vertex -7.15931 5.87357 5.72205e-07
      vertex -7.07787 5.83063 5.72205e-07
    endloop
  endfacet
  facet normal -0.364795 -0.931088 0
    outer loop
      vertex -7.249 5.90871 5.72205e-07
      vertex -7.15931 5.87357 0.4
      vertex -7.249 5.90871 0.4
    endloop
  endfacet
  facet normal -0.364795 -0.931088 -0
    outer loop
      vertex -7.15931 5.87357 0.4
      vertex -7.249 5.90871 5.72205e-07
      vertex -7.15931 5.87357 5.72205e-07
    endloop
  endfacet
  facet normal -0.268653 -0.963237 0
    outer loop
      vertex -7.34699 5.93604 5.72205e-07
      vertex -7.249 5.90871 0.4
      vertex -7.34699 5.93604 0.4
    endloop
  endfacet
  facet normal -0.268653 -0.963237 -0
    outer loop
      vertex -7.249 5.90871 0.4
      vertex -7.34699 5.93604 5.72205e-07
      vertex -7.249 5.90871 5.72205e-07
    endloop
  endfacet
  facet normal -0.180604 -0.983556 0
    outer loop
      vertex -7.45324 5.95555 5.72205e-07
      vertex -7.34699 5.93604 0.4
      vertex -7.45324 5.95555 0.4
    endloop
  endfacet
  facet normal -0.180604 -0.983556 -0
    outer loop
      vertex -7.34699 5.93604 0.4
      vertex -7.45324 5.95555 5.72205e-07
      vertex -7.34699 5.93604 5.72205e-07
    endloop
  endfacet
  facet normal -0.1018 -0.994805 0
    outer loop
      vertex -7.56777 5.96727 5.72205e-07
      vertex -7.45324 5.95555 0.4
      vertex -7.56777 5.96727 0.4
    endloop
  endfacet
  facet normal -0.1018 -0.994805 -0
    outer loop
      vertex -7.45324 5.95555 0.4
      vertex -7.56777 5.96727 5.72205e-07
      vertex -7.45324 5.95555 5.72205e-07
    endloop
  endfacet
  facet normal -0.0318243 -0.999493 0
    outer loop
      vertex -7.69057 5.97118 5.72205e-07
      vertex -7.56777 5.96727 0.4
      vertex -7.69057 5.97118 0.4
    endloop
  endfacet
  facet normal -0.0318243 -0.999493 -0
    outer loop
      vertex -7.56777 5.96727 0.4
      vertex -7.69057 5.97118 5.72205e-07
      vertex -7.56777 5.96727 5.72205e-07
    endloop
  endfacet
  facet normal 0 -1 0
    outer loop
      vertex -8.9318 5.97118 5.72205e-07
      vertex -7.69057 5.97118 0.4
      vertex -8.9318 5.97118 0.4
    endloop
  endfacet
  facet normal 0 -1 -0
    outer loop
      vertex -7.69057 5.97118 0.4
      vertex -8.9318 5.97118 5.72205e-07
      vertex -7.69057 5.97118 5.72205e-07
    endloop
  endfacet
  facet normal 1 -0 0
    outer loop
      vertex -8.9318 3.48694 0.4
      vertex -8.9318 5.97118 5.72205e-07
      vertex -8.9318 5.97118 0.4
    endloop
  endfacet
  facet normal 1 0 0
    outer loop
      vertex -8.9318 5.97118 5.72205e-07
      vertex -8.9318 3.48694 0.4
      vertex -8.9318 3.48694 5.72205e-07
    endloop
  endfacet
  facet normal 0 1 -0
    outer loop
      vertex -8.41167 3.48694 5.72205e-07
      vertex -8.9318 3.48694 0.4
      vertex -8.41167 3.48694 0.4
    endloop
  endfacet
  facet normal 0 1 0
    outer loop
      vertex -8.9318 3.48694 0.4
      vertex -8.41167 3.48694 5.72205e-07
      vertex -8.9318 3.48694 5.72205e-07
    endloop
  endfacet
  facet normal -1 0 0
    outer loop
      vertex -8.41167 3.48694 5.72205e-07
      vertex -8.41167 4.43022 0.4
      vertex -8.41167 4.43022 5.72205e-07
    endloop
  endfacet
  facet normal -1 -0 0
    outer loop
      vertex -8.41167 4.43022 0.4
      vertex -8.41167 3.48694 5.72205e-07
      vertex -8.41167 3.48694 0.4
    endloop
  endfacet
  facet normal -1 0 0
    outer loop
      vertex -8.41167 4.83396 5.72205e-07
      vertex -8.41167 5.56742 0.4
      vertex -8.41167 5.56742 5.72205e-07
    endloop
  endfacet
  facet normal -1 -0 0
    outer loop
      vertex -8.41167 5.56742 0.4
      vertex -8.41167 4.83396 5.72205e-07
      vertex -8.41167 4.83396 0.4
    endloop
  endfacet
  facet normal 0 1 -0
    outer loop
      vertex -7.74523 5.56742 5.72205e-07
      vertex -8.41167 5.56742 0.4
      vertex -7.74523 5.56742 0.4
    endloop
  endfacet
  facet normal 0 1 0
    outer loop
      vertex -8.41167 5.56742 0.4
      vertex -7.74523 5.56742 5.72205e-07
      vertex -8.41167 5.56742 5.72205e-07
    endloop
  endfacet
  facet normal 0.0599201 0.998203 -0
    outer loop
      vertex -7.62362 5.56012 5.72205e-07
      vertex -7.74523 5.56742 0.4
      vertex -7.62362 5.56012 0.4
    endloop
  endfacet
  facet normal 0.0599201 0.998203 0
    outer loop
      vertex -7.74523 5.56742 0.4
      vertex -7.62362 5.56012 5.72205e-07
      vertex -7.74523 5.56742 5.72205e-07
    endloop
  endfacet
  facet normal 0.208237 0.978078 -0
    outer loop
      vertex -7.52071 5.53821 5.72205e-07
      vertex -7.62362 5.56012 0.4
      vertex -7.52071 5.53821 0.4
    endloop
  endfacet
  facet normal 0.208237 0.978078 0
    outer loop
      vertex -7.62362 5.56012 0.4
      vertex -7.52071 5.53821 5.72205e-07
      vertex -7.62362 5.56012 5.72205e-07
    endloop
  endfacet
  facet normal 0.398005 0.917383 -0
    outer loop
      vertex -7.43651 5.50168 5.72205e-07
      vertex -7.52071 5.53821 0.4
      vertex -7.43651 5.50168 0.4
    endloop
  endfacet
  facet normal 0.398005 0.917383 0
    outer loop
      vertex -7.52071 5.53821 0.4
      vertex -7.43651 5.50168 5.72205e-07
      vertex -7.52071 5.53821 5.72205e-07
    endloop
  endfacet
  facet normal 0.615389 0.788223 -0
    outer loop
      vertex -7.37102 5.45055 5.72205e-07
      vertex -7.43651 5.50168 0.4
      vertex -7.37102 5.45055 0.4
    endloop
  endfacet
  facet normal 0.615389 0.788223 0
    outer loop
      vertex -7.43651 5.50168 0.4
      vertex -7.37102 5.45055 5.72205e-07
      vertex -7.43651 5.50168 5.72205e-07
    endloop
  endfacet
  facet normal 0.814771 0.579784 0
    outer loop
      vertex -7.32424 5.38481 0.4
      vertex -7.37102 5.45055 5.72205e-07
      vertex -7.37102 5.45055 0.4
    endloop
  endfacet
  facet normal 0.814771 0.579784 0
    outer loop
      vertex -7.37102 5.45055 5.72205e-07
      vertex -7.32424 5.38481 0.4
      vertex -7.32424 5.38481 5.72205e-07
    endloop
  endfacet
  facet normal 0.944087 0.329696 0
    outer loop
      vertex -7.29618 5.30446 0.4
      vertex -7.32424 5.38481 5.72205e-07
      vertex -7.32424 5.38481 0.4
    endloop
  endfacet
  facet normal 0.944087 0.329696 0
    outer loop
      vertex -7.32424 5.38481 5.72205e-07
      vertex -7.29618 5.30446 0.4
      vertex -7.29618 5.30446 5.72205e-07
    endloop
  endfacet
  facet normal 0.995187 0.0979989 0
    outer loop
      vertex -7.28683 5.20951 0.4
      vertex -7.29618 5.30446 5.72205e-07
      vertex -7.29618 5.30446 0.4
    endloop
  endfacet
  facet normal 0.995187 0.0979989 0
    outer loop
      vertex -7.29618 5.30446 5.72205e-07
      vertex -7.28683 5.20951 0.4
      vertex -7.28683 5.20951 5.72205e-07
    endloop
  endfacet
  facet normal 0.998912 -0.0466402 0
    outer loop
      vertex -7.28913 5.16025 0.4
      vertex -7.28683 5.20951 5.72205e-07
      vertex -7.28683 5.20951 0.4
    endloop
  endfacet
  facet normal 0.998912 -0.0466402 0
    outer loop
      vertex -7.28683 5.20951 5.72205e-07
      vertex -7.28913 5.16025 0.4
      vertex -7.28913 5.16025 5.72205e-07
    endloop
  endfacet
  facet normal 0.988914 -0.148488 0
    outer loop
      vertex -7.29604 5.11423 0.4
      vertex -7.28913 5.16025 5.72205e-07
      vertex -7.28913 5.16025 0.4
    endloop
  endfacet
  facet normal 0.988914 -0.148488 0
    outer loop
      vertex -7.28913 5.16025 5.72205e-07
      vertex -7.29604 5.11423 0.4
      vertex -7.29604 5.11423 5.72205e-07
    endloop
  endfacet
  facet normal 0.965675 -0.259755 0
    outer loop
      vertex -7.30755 5.07144 0.4
      vertex -7.29604 5.11423 5.72205e-07
      vertex -7.29604 5.11423 0.4
    endloop
  endfacet
  facet normal 0.965675 -0.259755 0
    outer loop
      vertex -7.29604 5.11423 5.72205e-07
      vertex -7.30755 5.07144 0.4
      vertex -7.30755 5.07144 5.72205e-07
    endloop
  endfacet
  facet normal 0.925953 -0.377639 0
    outer loop
      vertex -7.32368 5.03189 0.4
      vertex -7.30755 5.07144 5.72205e-07
      vertex -7.30755 5.07144 0.4
    endloop
  endfacet
  facet normal 0.925953 -0.377639 0
    outer loop
      vertex -7.30755 5.07144 5.72205e-07
      vertex -7.32368 5.03189 0.4
      vertex -7.32368 5.03189 5.72205e-07
    endloop
  endfacet
  facet normal 0.868479 -0.495727 0
    outer loop
      vertex -7.3444 4.99559 0.4
      vertex -7.32368 5.03189 5.72205e-07
      vertex -7.32368 5.03189 0.4
    endloop
  endfacet
  facet normal 0.868479 -0.495727 0
    outer loop
      vertex -7.32368 5.03189 5.72205e-07
      vertex -7.3444 4.99559 0.4
      vertex -7.3444 4.99559 5.72205e-07
    endloop
  endfacet
  facet normal 0.793969 -0.607958 0
    outer loop
      vertex -7.36973 4.96251 0.4
      vertex -7.3444 4.99559 5.72205e-07
      vertex -7.3444 4.99559 0.4
    endloop
  endfacet
  facet normal 0.793969 -0.607958 0
    outer loop
      vertex -7.3444 4.99559 5.72205e-07
      vertex -7.36973 4.96251 0.4
      vertex -7.36973 4.96251 5.72205e-07
    endloop
  endfacet
  facet normal 0.705923 -0.708289 0
    outer loop
      vertex -7.39966 4.93268 5.72205e-07
      vertex -7.36973 4.96251 0.4
      vertex -7.39966 4.93268 0.4
    endloop
  endfacet
  facet normal 0.705923 -0.708289 0
    outer loop
      vertex -7.36973 4.96251 0.4
      vertex -7.39966 4.93268 5.72205e-07
      vertex -7.36973 4.96251 5.72205e-07
    endloop
  endfacet
  facet normal 0.605611 -0.795761 0
    outer loop
      vertex -7.43406 4.9065 5.72205e-07
      vertex -7.39966 4.93268 0.4
      vertex -7.43406 4.9065 0.4
    endloop
  endfacet
  facet normal 0.605611 -0.795761 0
    outer loop
      vertex -7.39966 4.93268 0.4
      vertex -7.43406 4.9065 5.72205e-07
      vertex -7.39966 4.93268 5.72205e-07
    endloop
  endfacet
  facet normal 0.496887 -0.867815 0
    outer loop
      vertex -7.47278 4.88433 5.72205e-07
      vertex -7.43406 4.9065 0.4
      vertex -7.47278 4.88433 0.4
    endloop
  endfacet
  facet normal 0.496887 -0.867815 0
    outer loop
      vertex -7.43406 4.9065 0.4
      vertex -7.47278 4.88433 5.72205e-07
      vertex -7.43406 4.9065 5.72205e-07
    endloop
  endfacet
  facet normal 0.388277 -0.921543 0
    outer loop
      vertex -7.51581 4.8662 5.72205e-07
      vertex -7.47278 4.88433 0.4
      vertex -7.51581 4.8662 0.4
    endloop
  endfacet
  facet normal 0.388277 -0.921543 0
    outer loop
      vertex -7.47278 4.88433 0.4
      vertex -7.51581 4.8662 5.72205e-07
      vertex -7.47278 4.88433 5.72205e-07
    endloop
  endfacet
  facet normal 0.285397 -0.958409 0
    outer loop
      vertex -7.56316 4.8521 5.72205e-07
      vertex -7.51581 4.8662 0.4
      vertex -7.56316 4.8521 0.4
    endloop
  endfacet
  facet normal 0.285397 -0.958409 0
    outer loop
      vertex -7.51581 4.8662 0.4
      vertex -7.56316 4.8521 5.72205e-07
      vertex -7.51581 4.8662 5.72205e-07
    endloop
  endfacet
  facet normal 0.191292 -0.981533 0
    outer loop
      vertex -7.61483 4.84203 5.72205e-07
      vertex -7.56316 4.8521 0.4
      vertex -7.61483 4.84203 0.4
    endloop
  endfacet
  facet normal 0.191292 -0.981533 0
    outer loop
      vertex -7.56316 4.8521 0.4
      vertex -7.61483 4.84203 5.72205e-07
      vertex -7.56316 4.8521 5.72205e-07
    endloop
  endfacet
  facet normal 0.107624 -0.994192 0
    outer loop
      vertex -7.67081 4.83597 5.72205e-07
      vertex -7.61483 4.84203 0.4
      vertex -7.67081 4.83597 0.4
    endloop
  endfacet
  facet normal 0.107624 -0.994192 0
    outer loop
      vertex -7.61483 4.84203 0.4
      vertex -7.67081 4.83597 5.72205e-07
      vertex -7.61483 4.84203 5.72205e-07
    endloop
  endfacet
  facet normal 0.0333093 -0.999445 0
    outer loop
      vertex -7.73112 4.83396 5.72205e-07
      vertex -7.67081 4.83597 0.4
      vertex -7.73112 4.83396 0.4
    endloop
  endfacet
  facet normal 0.0333093 -0.999445 0
    outer loop
      vertex -7.67081 4.83597 0.4
      vertex -7.73112 4.83396 5.72205e-07
      vertex -7.67081 4.83597 5.72205e-07
    endloop
  endfacet
  facet normal 0 -1 0
    outer loop
      vertex -8.41167 4.83396 5.72205e-07
      vertex -7.73112 4.83396 0.4
      vertex -8.41167 4.83396 0.4
    endloop
  endfacet
  facet normal 0 -1 -0
    outer loop
      vertex -7.73112 4.83396 0.4
      vertex -8.41167 4.83396 5.72205e-07
      vertex -7.73112 4.83396 5.72205e-07
    endloop
  endfacet
  facet normal -0 0 -1
    outer loop
      vertex 9.07033 4.19573 0.4
      vertex 8.5461 4.18624 0.4
      vertex 8.54845 4.23627 0.4
    endloop
  endfacet
  facet normal 0 0 -1
    outer loop
      vertex 8.65523 3.58139 0.4
      vertex 8.53902 4.13991 0.4
      vertex 8.5461 4.18624 0.4
    endloop
  endfacet
  facet normal 0 0 -1
    outer loop
      vertex 8.65523 3.58139 0.4
      vertex 8.52724 4.09729 0.4
      vertex 8.53902 4.13991 0.4
    endloop
  endfacet
  facet normal 0 0 -1
    outer loop
      vertex 8.65523 3.58139 0.4
      vertex 8.51075 4.05838 0.4
      vertex 8.52724 4.09729 0.4
    endloop
  endfacet
  facet normal 0 0 -1
    outer loop
      vertex 8.65523 3.58139 0.4
      vertex 8.48954 4.02317 0.4
      vertex 8.51075 4.05838 0.4
    endloop
  endfacet
  facet normal 0 0 -1
    outer loop
      vertex 8.65523 3.58139 0.4
      vertex 8.4636 3.99166 0.4
      vertex 8.48954 4.02317 0.4
    endloop
  endfacet
  facet normal 0 0 -1
    outer loop
      vertex 8.35596 3.91939 0.4
      vertex 8.56255 3.5474 0.4
      vertex 8.4618 3.52095 0.4
    endloop
  endfacet
  facet normal 0 0 -1
    outer loop
      vertex 8.65523 3.58139 0.4
      vertex 8.43296 3.96387 0.4
      vertex 8.4636 3.99166 0.4
    endloop
  endfacet
  facet normal 0 0 -1
    outer loop
      vertex 8.65523 3.58139 0.4
      vertex 8.39721 3.93978 0.4
      vertex 8.43296 3.96387 0.4
    endloop
  endfacet
  facet normal 0 0 -1
    outer loop
      vertex 8.56255 3.5474 0.4
      vertex 8.35596 3.91939 0.4
      vertex 8.39721 3.93978 0.4
    endloop
  endfacet
  facet normal 0 0 -1
    outer loop
      vertex 8.30919 3.90271 0.4
      vertex 8.4618 3.52095 0.4
      vertex 8.35299 3.50206 0.4
    endloop
  endfacet
  facet normal 0 0 -1
    outer loop
      vertex 8.4618 3.52095 0.4
      vertex 8.30919 3.90271 0.4
      vertex 8.35596 3.91939 0.4
    endloop
  endfacet
  facet normal 0 0 -1
    outer loop
      vertex 8.35299 3.50206 0.4
      vertex 8.25693 3.88974 0.4
      vertex 8.30919 3.90271 0.4
    endloop
  endfacet
  facet normal 0 0 -1
    outer loop
      vertex 8.23612 3.49073 0.4
      vertex 8.25693 3.88974 0.4
      vertex 8.35299 3.50206 0.4
    endloop
  endfacet
  facet normal 0 0 -1
    outer loop
      vertex 8.23612 3.49073 0.4
      vertex 8.19916 3.88048 0.4
      vertex 8.25693 3.88974 0.4
    endloop
  endfacet
  facet normal 0 0 -1
    outer loop
      vertex 8.23612 3.49073 0.4
      vertex 8.1359 3.87493 0.4
      vertex 8.19916 3.88048 0.4
    endloop
  endfacet
  facet normal 0 0 -1
    outer loop
      vertex 8.11118 3.48694 0.4
      vertex 8.1359 3.87493 0.4
      vertex 8.23612 3.49073 0.4
    endloop
  endfacet
  facet normal 0 0 -1
    outer loop
      vertex 8.11118 3.48694 0.4
      vertex 8.06711 3.87306 0.4
      vertex 8.1359 3.87493 0.4
    endloop
  endfacet
  facet normal 0 0 -1
    outer loop
      vertex 8.11118 3.48694 0.4
      vertex 7.38833 3.87306 0.4
      vertex 8.06711 3.87306 0.4
    endloop
  endfacet
  facet normal 0 0 -1
    outer loop
      vertex 6.8682 3.48694 0.4
      vertex 7.38833 4.58536 0.4
      vertex 7.38833 3.87306 0.4
    endloop
  endfacet
  facet normal 0 0 -1
    outer loop
      vertex 6.8682 5.97118 0.4
      vertex 7.38833 4.58536 0.4
      vertex 6.8682 3.48694 0.4
    endloop
  endfacet
  facet normal 0 0 -1
    outer loop
      vertex 7.38833 4.58536 0.4
      vertex 6.8682 5.97118 0.4
      vertex 7.38833 4.96971 0.4
    endloop
  endfacet
  facet normal 0 0 -1
    outer loop
      vertex 6.8682 3.48694 0.4
      vertex 7.38833 3.87306 0.4
      vertex 8.11118 3.48694 0.4
    endloop
  endfacet
  facet normal 0 0 -1
    outer loop
      vertex 8.5461 4.18624 0.4
      vertex 9.07033 4.19573 0.4
      vertex 9.06515 4.10215 0.4
    endloop
  endfacet
  facet normal 0 0 -1
    outer loop
      vertex 9.07033 4.19573 0.4
      vertex 8.54845 4.23627 0.4
      vertex 9.06711 4.26624 0.4
    endloop
  endfacet
  facet normal 0 0 -1
    outer loop
      vertex 8.5461 4.18624 0.4
      vertex 9.06515 4.10215 0.4
      vertex 9.0496 4.0148 0.4
    endloop
  endfacet
  facet normal -0 0 -1
    outer loop
      vertex 9.06711 4.26624 0.4
      vertex 8.54845 4.23627 0.4
      vertex 9.05744 4.33267 0.4
    endloop
  endfacet
  facet normal 0 0 -1
    outer loop
      vertex 8.5461 4.18624 0.4
      vertex 9.0496 4.0148 0.4
      vertex 9.02369 3.93375 0.4
    endloop
  endfacet
  facet normal -0 0 -1
    outer loop
      vertex 9.05744 4.33267 0.4
      vertex 8.54845 4.23627 0.4
      vertex 9.04134 4.39505 0.4
    endloop
  endfacet
  facet normal 0 0 -1
    outer loop
      vertex 8.53823 4.32889 0.4
      vertex 9.04134 4.39505 0.4
      vertex 8.54845 4.23627 0.4
    endloop
  endfacet
  facet normal 0 0 -1
    outer loop
      vertex 8.5461 4.18624 0.4
      vertex 9.02369 3.93375 0.4
      vertex 8.98742 3.85894 0.4
    endloop
  endfacet
  facet normal -0 0 -1
    outer loop
      vertex 9.04134 4.39505 0.4
      vertex 8.53823 4.32889 0.4
      vertex 9.0188 4.45336 0.4
    endloop
  endfacet
  facet normal 0 0 -1
    outer loop
      vertex 8.5461 4.18624 0.4
      vertex 8.98742 3.85894 0.4
      vertex 8.94079 3.79038 0.4
    endloop
  endfacet
  facet normal -0 0 -1
    outer loop
      vertex 9.0188 4.45336 0.4
      vertex 8.53823 4.32889 0.4
      vertex 8.98981 4.5076 0.4
    endloop
  endfacet
  facet normal 0 0 -1
    outer loop
      vertex 8.5461 4.18624 0.4
      vertex 8.94079 3.79038 0.4
      vertex 8.88379 3.72809 0.4
    endloop
  endfacet
  facet normal -0 0 -1
    outer loop
      vertex 8.98981 4.5076 0.4
      vertex 8.53823 4.32889 0.4
      vertex 8.9544 4.55777 0.4
    endloop
  endfacet
  facet normal 0 0 -1
    outer loop
      vertex 8.5461 4.18624 0.4
      vertex 8.88379 3.72809 0.4
      vertex 8.81644 3.67206 0.4
    endloop
  endfacet
  facet normal -0 0 -1
    outer loop
      vertex 8.9544 4.55777 0.4
      vertex 8.53823 4.32889 0.4
      vertex 8.91253 4.60388 0.4
    endloop
  endfacet
  facet normal -0 0 -1
    outer loop
      vertex 8.91253 4.60388 0.4
      vertex 8.53823 4.32889 0.4
      vertex 8.86452 4.64553 0.4
    endloop
  endfacet
  facet normal 0 0 -1
    outer loop
      vertex 8.5461 4.18624 0.4
      vertex 8.81644 3.67206 0.4
      vertex 8.73987 3.62296 0.4
    endloop
  endfacet
  facet normal 0 0 -1
    outer loop
      vertex 8.50757 4.40726 0.4
      vertex 8.86452 4.64553 0.4
      vertex 8.53823 4.32889 0.4
    endloop
  endfacet
  facet normal 0 0 -1
    outer loop
      vertex 8.5461 4.18624 0.4
      vertex 8.73987 3.62296 0.4
      vertex 8.65523 3.58139 0.4
    endloop
  endfacet
  facet normal -0 0 -1
    outer loop
      vertex 8.86452 4.64553 0.4
      vertex 8.50757 4.40726 0.4
      vertex 8.81063 4.68233 0.4
    endloop
  endfacet
  facet normal 0 0 -1
    outer loop
      vertex 8.39721 3.93978 0.4
      vertex 8.65523 3.58139 0.4
      vertex 8.56255 3.5474 0.4
    endloop
  endfacet
  facet normal -0 0 -1
    outer loop
      vertex 8.81063 4.68233 0.4
      vertex 8.50757 4.40726 0.4
      vertex 8.75089 4.71425 0.4
    endloop
  endfacet
  facet normal -0 0 -1
    outer loop
      vertex 8.75089 4.71425 0.4
      vertex 8.50757 4.40726 0.4
      vertex 8.68528 4.74132 0.4
    endloop
  endfacet
  facet normal 0 0 -1
    outer loop
      vertex 8.45649 4.47138 0.4
      vertex 8.68528 4.74132 0.4
      vertex 8.50757 4.40726 0.4
    endloop
  endfacet
  facet normal -0 0 -1
    outer loop
      vertex 8.68528 4.74132 0.4
      vertex 8.45649 4.47138 0.4
      vertex 8.61379 4.76354 0.4
    endloop
  endfacet
  facet normal -0 0 -1
    outer loop
      vertex 8.61379 4.76354 0.4
      vertex 8.45649 4.47138 0.4
      vertex 8.53646 4.7809 0.4
    endloop
  endfacet
  facet normal 0 0 -1
    outer loop
      vertex 8.38495 4.52124 0.4
      vertex 8.53646 4.7809 0.4
      vertex 8.45649 4.47138 0.4
    endloop
  endfacet
  facet normal -0 0 -1
    outer loop
      vertex 8.80832 5.71088 0.4
      vertex 8.36904 5.43627 0.4
      vertex 8.75588 5.7652 0.4
    endloop
  endfacet
  facet normal -0 0 -1
    outer loop
      vertex 8.53646 4.7809 0.4
      vertex 8.38495 4.52124 0.4
      vertex 8.45324 4.7934 0.4
    endloop
  endfacet
  facet normal 0 0 -1
    outer loop
      vertex 8.51925 4.80994 0.4
      vertex 8.40183 5.23424 0.4
      vertex 8.40388 5.27651 0.4
    endloop
  endfacet
  facet normal 0 0 -1
    outer loop
      vertex 8.51925 4.80994 0.4
      vertex 8.39574 5.19512 0.4
      vertex 8.40183 5.23424 0.4
    endloop
  endfacet
  facet normal 0 0 -1
    outer loop
      vertex 8.51925 4.80994 0.4
      vertex 8.38556 5.15911 0.4
      vertex 8.39574 5.19512 0.4
    endloop
  endfacet
  facet normal 0 0 -1
    outer loop
      vertex 8.29297 4.55687 0.4
      vertex 8.45324 4.7934 0.4
      vertex 8.38495 4.52124 0.4
    endloop
  endfacet
  facet normal 0 0 -1
    outer loop
      vertex 8.51925 4.80994 0.4
      vertex 8.37134 5.12624 0.4
      vertex 8.38556 5.15911 0.4
    endloop
  endfacet
  facet normal 0 0 -1
    outer loop
      vertex 8.51925 4.80994 0.4
      vertex 8.35303 5.0965 0.4
      vertex 8.37134 5.12624 0.4
    endloop
  endfacet
  facet normal 0 0 -1
    outer loop
      vertex 8.51925 4.80994 0.4
      vertex 8.33066 5.06989 0.4
      vertex 8.35303 5.0965 0.4
    endloop
  endfacet
  facet normal 0 0 -1
    outer loop
      vertex 8.45324 4.7934 0.4
      vertex 8.30424 5.0464 0.4
      vertex 8.33066 5.06989 0.4
    endloop
  endfacet
  facet normal 0 0 -1
    outer loop
      vertex 8.18056 4.57825 0.4
      vertex 8.45324 4.7934 0.4
      vertex 8.29297 4.55687 0.4
    endloop
  endfacet
  facet normal 0 0 -1
    outer loop
      vertex 8.45324 4.7934 0.4
      vertex 8.27332 5.02606 0.4
      vertex 8.30424 5.0464 0.4
    endloop
  endfacet
  facet normal 0 0 -1
    outer loop
      vertex 8.45324 4.7934 0.4
      vertex 8.23746 5.00884 0.4
      vertex 8.27332 5.02606 0.4
    endloop
  endfacet
  facet normal 0 0 -1
    outer loop
      vertex 8.45324 4.7934 0.4
      vertex 8.19668 4.99475 0.4
      vertex 8.23746 5.00884 0.4
    endloop
  endfacet
  facet normal -0 0 -1
    outer loop
      vertex 8.45324 4.7934 0.4
      vertex 8.18056 4.57825 0.4
      vertex 8.19668 4.99475 0.4
    endloop
  endfacet
  facet normal 0 0 -1
    outer loop
      vertex 8.18056 4.57825 0.4
      vertex 8.15096 4.9838 0.4
      vertex 8.19668 4.99475 0.4
    endloop
  endfacet
  facet normal 0 0 -1
    outer loop
      vertex 8.18056 4.57825 0.4
      vertex 8.10033 4.97597 0.4
      vertex 8.15096 4.9838 0.4
    endloop
  endfacet
  facet normal 0 0 -1
    outer loop
      vertex 8.04772 4.58536 0.4
      vertex 8.10033 4.97597 0.4
      vertex 8.18056 4.57825 0.4
    endloop
  endfacet
  facet normal 0 0 -1
    outer loop
      vertex 8.04772 4.58536 0.4
      vertex 8.04476 4.97127 0.4
      vertex 8.10033 4.97597 0.4
    endloop
  endfacet
  facet normal 0 0 -1
    outer loop
      vertex 8.04772 4.58536 0.4
      vertex 7.98426 4.96971 0.4
      vertex 8.04476 4.97127 0.4
    endloop
  endfacet
  facet normal 0 0 -1
    outer loop
      vertex 7.38833 4.58536 0.4
      vertex 7.98426 4.96971 0.4
      vertex 8.04772 4.58536 0.4
    endloop
  endfacet
  facet normal -0 0 -1
    outer loop
      vertex 7.98426 4.96971 0.4
      vertex 7.38833 4.58536 0.4
      vertex 7.38833 4.96971 0.4
    endloop
  endfacet
  facet normal 0 0 -1
    outer loop
      vertex 8.91794 5.23152 0.4
      vertex 8.40388 5.27651 0.4
      vertex 8.92512 5.28792 0.4
    endloop
  endfacet
  facet normal 0 0 -1
    outer loop
      vertex 8.90597 5.17783 0.4
      vertex 8.40388 5.27651 0.4
      vertex 8.91794 5.23152 0.4
    endloop
  endfacet
  facet normal 0 0 -1
    outer loop
      vertex 8.40388 5.27651 0.4
      vertex 8.58025 4.83033 0.4
      vertex 8.51925 4.80994 0.4
    endloop
  endfacet
  facet normal 0 0 -1
    outer loop
      vertex 8.88923 5.12682 0.4
      vertex 8.40388 5.27651 0.4
      vertex 8.90597 5.17783 0.4
    endloop
  endfacet
  facet normal 0 0 -1
    outer loop
      vertex 8.86768 5.07851 0.4
      vertex 8.40388 5.27651 0.4
      vertex 8.88923 5.12682 0.4
    endloop
  endfacet
  facet normal 0 0 -1
    outer loop
      vertex 8.40169 5.32239 0.4
      vertex 8.92512 5.28792 0.4
      vertex 8.40388 5.27651 0.4
    endloop
  endfacet
  facet normal 0 0 -1
    outer loop
      vertex 8.84136 5.0329 0.4
      vertex 8.40388 5.27651 0.4
      vertex 8.86768 5.07851 0.4
    endloop
  endfacet
  facet normal -0 0 -1
    outer loop
      vertex 8.8846 5.5838 0.4
      vertex 8.38428 5.40226 0.4
      vertex 8.85123 5.65042 0.4
    endloop
  endfacet
  facet normal 0 0 -1
    outer loop
      vertex 8.81025 4.98999 0.4
      vertex 8.40388 5.27651 0.4
      vertex 8.84136 5.0329 0.4
    endloop
  endfacet
  facet normal 0 0 -1
    outer loop
      vertex 8.77425 4.95037 0.4
      vertex 8.40388 5.27651 0.4
      vertex 8.81025 4.98999 0.4
    endloop
  endfacet
  facet normal 0 0 -1
    outer loop
      vertex 8.40388 5.27651 0.4
      vertex 8.63625 4.85456 0.4
      vertex 8.58025 4.83033 0.4
    endloop
  endfacet
  facet normal 0 0 -1
    outer loop
      vertex 8.73325 4.91458 0.4
      vertex 8.40388 5.27651 0.4
      vertex 8.77425 4.95037 0.4
    endloop
  endfacet
  facet normal 0 0 -1
    outer loop
      vertex 8.40388 5.27651 0.4
      vertex 8.68726 4.88265 0.4
      vertex 8.63625 4.85456 0.4
    endloop
  endfacet
  facet normal 0 0 -1
    outer loop
      vertex 8.40388 5.27651 0.4
      vertex 8.73325 4.91458 0.4
      vertex 8.68726 4.88265 0.4
    endloop
  endfacet
  facet normal 0 0 -1
    outer loop
      vertex 8.39516 5.36431 0.4
      vertex 8.92274 5.4321 0.4
      vertex 8.40169 5.32239 0.4
    endloop
  endfacet
  facet normal 0 0 -1
    outer loop
      vertex 8.38428 5.40226 0.4
      vertex 8.90844 5.51102 0.4
      vertex 8.39516 5.36431 0.4
    endloop
  endfacet
  facet normal -0 0 -1
    outer loop
      vertex 8.92274 5.4321 0.4
      vertex 8.39516 5.36431 0.4
      vertex 8.90844 5.51102 0.4
    endloop
  endfacet
  facet normal -0 0 -1
    outer loop
      vertex 8.90844 5.51102 0.4
      vertex 8.38428 5.40226 0.4
      vertex 8.8846 5.5838 0.4
    endloop
  endfacet
  facet normal -0 0 -1
    outer loop
      vertex 8.92751 5.34702 0.4
      vertex 8.40169 5.32239 0.4
      vertex 8.92274 5.4321 0.4
    endloop
  endfacet
  facet normal 0 0 -1
    outer loop
      vertex 8.92512 5.28792 0.4
      vertex 8.40169 5.32239 0.4
      vertex 8.92751 5.34702 0.4
    endloop
  endfacet
  facet normal -0 0 -1
    outer loop
      vertex 8.85123 5.65042 0.4
      vertex 8.38428 5.40226 0.4
      vertex 8.80832 5.71088 0.4
    endloop
  endfacet
  facet normal 0 0 -1
    outer loop
      vertex 8.33066 5.06989 0.4
      vertex 8.51925 4.80994 0.4
      vertex 8.45324 4.7934 0.4
    endloop
  endfacet
  facet normal 0 0 -1
    outer loop
      vertex 8.36904 5.43627 0.4
      vertex 8.80832 5.71088 0.4
      vertex 8.38428 5.40226 0.4
    endloop
  endfacet
  facet normal -0 0 -1
    outer loop
      vertex 8.75588 5.7652 0.4
      vertex 8.36904 5.43627 0.4
      vertex 8.6939 5.81336 0.4
    endloop
  endfacet
  facet normal 0 0 -1
    outer loop
      vertex 8.34945 5.46631 0.4
      vertex 8.6939 5.81336 0.4
      vertex 8.36904 5.43627 0.4
    endloop
  endfacet
  facet normal -0 0 -1
    outer loop
      vertex 8.6939 5.81336 0.4
      vertex 8.34945 5.46631 0.4
      vertex 8.62264 5.85523 0.4
    endloop
  endfacet
  facet normal 0 0 -1
    outer loop
      vertex 8.32549 5.49239 0.4
      vertex 8.62264 5.85523 0.4
      vertex 8.34945 5.46631 0.4
    endloop
  endfacet
  facet normal -0 0 -1
    outer loop
      vertex 8.62264 5.85523 0.4
      vertex 8.32549 5.49239 0.4
      vertex 8.54235 5.89066 0.4
    endloop
  endfacet
  facet normal 0 0 -1
    outer loop
      vertex 8.29719 5.51451 0.4
      vertex 8.54235 5.89066 0.4
      vertex 8.32549 5.49239 0.4
    endloop
  endfacet
  facet normal -0 0 -1
    outer loop
      vertex 8.54235 5.89066 0.4
      vertex 8.29719 5.51451 0.4
      vertex 8.45302 5.91965 0.4
    endloop
  endfacet
  facet normal 0 0 -1
    outer loop
      vertex 8.26461 5.53322 0.4
      vertex 8.45302 5.91965 0.4
      vertex 8.29719 5.51451 0.4
    endloop
  endfacet
  facet normal -0 0 -1
    outer loop
      vertex 8.45302 5.91965 0.4
      vertex 8.26461 5.53322 0.4
      vertex 8.35467 5.94219 0.4
    endloop
  endfacet
  facet normal 0 0 -1
    outer loop
      vertex 8.22782 5.54906 0.4
      vertex 8.35467 5.94219 0.4
      vertex 8.26461 5.53322 0.4
    endloop
  endfacet
  facet normal -0 0 -1
    outer loop
      vertex 8.35467 5.94219 0.4
      vertex 8.22782 5.54906 0.4
      vertex 8.24727 5.9583 0.4
    endloop
  endfacet
  facet normal 0 0 -1
    outer loop
      vertex 8.18682 5.56201 0.4
      vertex 8.24727 5.9583 0.4
      vertex 8.22782 5.54906 0.4
    endloop
  endfacet
  facet normal 0 0 -1
    outer loop
      vertex 8.14162 5.5721 0.4
      vertex 8.24727 5.9583 0.4
      vertex 8.18682 5.56201 0.4
    endloop
  endfacet
  facet normal 0 0 -1
    outer loop
      vertex 8.14162 5.5721 0.4
      vertex 8.13085 5.96796 0.4
      vertex 8.24727 5.9583 0.4
    endloop
  endfacet
  facet normal 0 0 -1
    outer loop
      vertex 8.0922 5.57929 0.4
      vertex 8.13085 5.96796 0.4
      vertex 8.14162 5.5721 0.4
    endloop
  endfacet
  facet normal 0 0 -1
    outer loop
      vertex 8.03856 5.58361 0.4
      vertex 8.13085 5.96796 0.4
      vertex 8.0922 5.57929 0.4
    endloop
  endfacet
  facet normal 0 0 -1
    outer loop
      vertex 8.03856 5.58361 0.4
      vertex 8.00539 5.97118 0.4
      vertex 8.13085 5.96796 0.4
    endloop
  endfacet
  facet normal 0 0 -1
    outer loop
      vertex 7.98072 5.58506 0.4
      vertex 8.00539 5.97118 0.4
      vertex 8.03856 5.58361 0.4
    endloop
  endfacet
  facet normal 0 0 -1
    outer loop
      vertex 7.38833 5.58506 0.4
      vertex 8.00539 5.97118 0.4
      vertex 7.98072 5.58506 0.4
    endloop
  endfacet
  facet normal 0 0 -1
    outer loop
      vertex 7.38833 5.58506 0.4
      vertex 6.8682 5.97118 0.4
      vertex 8.00539 5.97118 0.4
    endloop
  endfacet
  facet normal 0 0 -1
    outer loop
      vertex 7.38833 4.96971 0.4
      vertex 6.8682 5.97118 0.4
      vertex 7.38833 5.58506 0.4
    endloop
  endfacet
  facet normal -0.0964929 0.995334 0
    outer loop
      vertex 8.35299 3.50206 5.72205e-07
      vertex 8.23612 3.49073 0.4
      vertex 8.35299 3.50206 0.4
    endloop
  endfacet
  facet normal -0.0964929 0.995334 0
    outer loop
      vertex 8.23612 3.49073 0.4
      vertex 8.35299 3.50206 5.72205e-07
      vertex 8.23612 3.49073 5.72205e-07
    endloop
  endfacet
  facet normal -0.171047 0.985263 0
    outer loop
      vertex 8.4618 3.52095 5.72205e-07
      vertex 8.35299 3.50206 0.4
      vertex 8.4618 3.52095 0.4
    endloop
  endfacet
  facet normal -0.171047 0.985263 0
    outer loop
      vertex 8.35299 3.50206 0.4
      vertex 8.4618 3.52095 5.72205e-07
      vertex 8.35299 3.50206 5.72205e-07
    endloop
  endfacet
  facet normal -0.253926 0.967224 0
    outer loop
      vertex 8.56255 3.5474 5.72205e-07
      vertex 8.4618 3.52095 0.4
      vertex 8.56255 3.5474 0.4
    endloop
  endfacet
  facet normal -0.253926 0.967224 0
    outer loop
      vertex 8.4618 3.52095 0.4
      vertex 8.56255 3.5474 5.72205e-07
      vertex 8.4618 3.52095 5.72205e-07
    endloop
  endfacet
  facet normal -0.34432 0.938852 0
    outer loop
      vertex 8.65523 3.58139 5.72205e-07
      vertex 8.56255 3.5474 0.4
      vertex 8.65523 3.58139 0.4
    endloop
  endfacet
  facet normal -0.34432 0.938852 0
    outer loop
      vertex 8.56255 3.5474 0.4
      vertex 8.65523 3.58139 5.72205e-07
      vertex 8.56255 3.5474 5.72205e-07
    endloop
  endfacet
  facet normal -0.440839 0.897586 0
    outer loop
      vertex 8.73987 3.62296 5.72205e-07
      vertex 8.65523 3.58139 0.4
      vertex 8.73987 3.62296 0.4
    endloop
  endfacet
  facet normal -0.440839 0.897586 0
    outer loop
      vertex 8.65523 3.58139 0.4
      vertex 8.73987 3.62296 5.72205e-07
      vertex 8.65523 3.58139 5.72205e-07
    endloop
  endfacet
  facet normal -0.539796 0.841796 0
    outer loop
      vertex 8.81644 3.67206 5.72205e-07
      vertex 8.73987 3.62296 0.4
      vertex 8.81644 3.67206 0.4
    endloop
  endfacet
  facet normal -0.539796 0.841796 0
    outer loop
      vertex 8.73987 3.62296 0.4
      vertex 8.81644 3.67206 5.72205e-07
      vertex 8.73987 3.62296 5.72205e-07
    endloop
  endfacet
  facet normal -0.639544 0.768754 0
    outer loop
      vertex 8.88379 3.72809 5.72205e-07
      vertex 8.81644 3.67206 0.4
      vertex 8.88379 3.72809 0.4
    endloop
  endfacet
  facet normal -0.639544 0.768754 0
    outer loop
      vertex 8.81644 3.67206 0.4
      vertex 8.88379 3.72809 5.72205e-07
      vertex 8.81644 3.67206 5.72205e-07
    endloop
  endfacet
  facet normal -0.737739 0.675086 0
    outer loop
      vertex 8.88379 3.72809 5.72205e-07
      vertex 8.94079 3.79038 0.4
      vertex 8.94079 3.79038 5.72205e-07
    endloop
  endfacet
  facet normal -0.737739 0.675086 0
    outer loop
      vertex 8.94079 3.79038 0.4
      vertex 8.88379 3.72809 5.72205e-07
      vertex 8.88379 3.72809 0.4
    endloop
  endfacet
  facet normal -0.826875 0.562386 0
    outer loop
      vertex 8.94079 3.79038 5.72205e-07
      vertex 8.98742 3.85894 0.4
      vertex 8.98742 3.85894 5.72205e-07
    endloop
  endfacet
  facet normal -0.826875 0.562386 0
    outer loop
      vertex 8.98742 3.85894 0.4
      vertex 8.94079 3.79038 5.72205e-07
      vertex 8.94079 3.79038 0.4
    endloop
  endfacet
  facet normal -0.899821 0.436259 0
    outer loop
      vertex 8.98742 3.85894 5.72205e-07
      vertex 9.02369 3.93375 0.4
      vertex 9.02369 3.93375 5.72205e-07
    endloop
  endfacet
  facet normal -0.899821 0.436259 0
    outer loop
      vertex 9.02369 3.93375 0.4
      vertex 8.98742 3.85894 5.72205e-07
      vertex 8.98742 3.85894 0.4
    endloop
  endfacet
  facet normal -0.952513 0.304499 0
    outer loop
      vertex 9.02369 3.93375 5.72205e-07
      vertex 9.0496 4.0148 0.4
      vertex 9.0496 4.0148 5.72205e-07
    endloop
  endfacet
  facet normal -0.952513 0.304499 0
    outer loop
      vertex 9.0496 4.0148 0.4
      vertex 9.02369 3.93375 5.72205e-07
      vertex 9.02369 3.93375 0.4
    endloop
  endfacet
  facet normal -0.984521 0.175264 0
    outer loop
      vertex 9.0496 4.0148 5.72205e-07
      vertex 9.06515 4.10215 0.4
      vertex 9.06515 4.10215 5.72205e-07
    endloop
  endfacet
  facet normal -0.984521 0.175264 0
    outer loop
      vertex 9.06515 4.10215 0.4
      vertex 9.0496 4.0148 5.72205e-07
      vertex 9.0496 4.0148 0.4
    endloop
  endfacet
  facet normal -0.998471 0.0552691 0
    outer loop
      vertex 9.06515 4.10215 5.72205e-07
      vertex 9.07033 4.19573 0.4
      vertex 9.07033 4.19573 5.72205e-07
    endloop
  endfacet
  facet normal -0.998471 0.0552691 0
    outer loop
      vertex 9.07033 4.19573 0.4
      vertex 9.06515 4.10215 5.72205e-07
      vertex 9.06515 4.10215 0.4
    endloop
  endfacet
  facet normal -0.998959 -0.0456197 0
    outer loop
      vertex 9.07033 4.19573 5.72205e-07
      vertex 9.06711 4.26624 0.4
      vertex 9.06711 4.26624 5.72205e-07
    endloop
  endfacet
  facet normal -0.998959 -0.0456197 0
    outer loop
      vertex 9.06711 4.26624 0.4
      vertex 9.07033 4.19573 5.72205e-07
      vertex 9.07033 4.19573 0.4
    endloop
  endfacet
  facet normal -0.989571 -0.144049 0
    outer loop
      vertex 9.06711 4.26624 5.72205e-07
      vertex 9.05744 4.33267 0.4
      vertex 9.05744 4.33267 5.72205e-07
    endloop
  endfacet
  facet normal -0.989571 -0.144049 0
    outer loop
      vertex 9.05744 4.33267 0.4
      vertex 9.06711 4.26624 5.72205e-07
      vertex 9.06711 4.26624 0.4
    endloop
  endfacet
  facet normal -0.96827 -0.249906 0
    outer loop
      vertex 9.05744 4.33267 5.72205e-07
      vertex 9.04134 4.39505 0.4
      vertex 9.04134 4.39505 5.72205e-07
    endloop
  endfacet
  facet normal -0.96827 -0.249906 0
    outer loop
      vertex 9.04134 4.39505 0.4
      vertex 9.05744 4.33267 5.72205e-07
      vertex 9.05744 4.33267 0.4
    endloop
  endfacet
  facet normal -0.932738 -0.360554 0
    outer loop
      vertex 9.04134 4.39505 5.72205e-07
      vertex 9.0188 4.45336 0.4
      vertex 9.0188 4.45336 5.72205e-07
    endloop
  endfacet
  facet normal -0.932738 -0.360554 0
    outer loop
      vertex 9.0188 4.45336 0.4
      vertex 9.04134 4.39505 5.72205e-07
      vertex 9.04134 4.39505 0.4
    endloop
  endfacet
  facet normal -0.881934 -0.471373 0
    outer loop
      vertex 9.0188 4.45336 5.72205e-07
      vertex 8.98981 4.5076 0.4
      vertex 8.98981 4.5076 5.72205e-07
    endloop
  endfacet
  facet normal -0.881934 -0.471373 0
    outer loop
      vertex 8.98981 4.5076 0.4
      vertex 9.0188 4.45336 5.72205e-07
      vertex 9.0188 4.45336 0.4
    endloop
  endfacet
  facet normal -0.816999 -0.576638 0
    outer loop
      vertex 8.98981 4.5076 5.72205e-07
      vertex 8.9544 4.55777 0.4
      vertex 8.9544 4.55777 5.72205e-07
    endloop
  endfacet
  facet normal -0.816999 -0.576638 0
    outer loop
      vertex 8.9544 4.55777 0.4
      vertex 8.98981 4.5076 5.72205e-07
      vertex 8.98981 4.5076 0.4
    endloop
  endfacet
  facet normal -0.740325 -0.672249 0
    outer loop
      vertex 8.9544 4.55777 5.72205e-07
      vertex 8.91253 4.60388 0.4
      vertex 8.91253 4.60388 5.72205e-07
    endloop
  endfacet
  facet normal -0.740325 -0.672249 0
    outer loop
      vertex 8.91253 4.60388 0.4
      vertex 8.9544 4.55777 5.72205e-07
      vertex 8.9544 4.55777 0.4
    endloop
  endfacet
  facet normal -0.655302 -0.755367 0
    outer loop
      vertex 8.86452 4.64553 5.72205e-07
      vertex 8.91253 4.60388 0.4
      vertex 8.86452 4.64553 0.4
    endloop
  endfacet
  facet normal -0.655302 -0.755367 -0
    outer loop
      vertex 8.91253 4.60388 0.4
      vertex 8.86452 4.64553 5.72205e-07
      vertex 8.91253 4.60388 5.72205e-07
    endloop
  endfacet
  facet normal -0.563931 -0.825822 0
    outer loop
      vertex 8.81063 4.68233 5.72205e-07
      vertex 8.86452 4.64553 0.4
      vertex 8.81063 4.68233 0.4
    endloop
  endfacet
  facet normal -0.563931 -0.825822 -0
    outer loop
      vertex 8.86452 4.64553 0.4
      vertex 8.81063 4.68233 5.72205e-07
      vertex 8.86452 4.64553 5.72205e-07
    endloop
  endfacet
  facet normal -0.471262 -0.881993 0
    outer loop
      vertex 8.75089 4.71425 5.72205e-07
      vertex 8.81063 4.68233 0.4
      vertex 8.75089 4.71425 0.4
    endloop
  endfacet
  facet normal -0.471262 -0.881993 -0
    outer loop
      vertex 8.81063 4.68233 0.4
      vertex 8.75089 4.71425 5.72205e-07
      vertex 8.81063 4.68233 5.72205e-07
    endloop
  endfacet
  facet normal -0.381402 -0.924409 0
    outer loop
      vertex 8.68528 4.74132 5.72205e-07
      vertex 8.75089 4.71425 0.4
      vertex 8.68528 4.74132 0.4
    endloop
  endfacet
  facet normal -0.381402 -0.924409 -0
    outer loop
      vertex 8.75089 4.71425 0.4
      vertex 8.68528 4.74132 5.72205e-07
      vertex 8.75089 4.71425 5.72205e-07
    endloop
  endfacet
  facet normal -0.296807 -0.954938 0
    outer loop
      vertex 8.61379 4.76354 5.72205e-07
      vertex 8.68528 4.74132 0.4
      vertex 8.61379 4.76354 0.4
    endloop
  endfacet
  facet normal -0.296807 -0.954938 -0
    outer loop
      vertex 8.68528 4.74132 0.4
      vertex 8.61379 4.76354 5.72205e-07
      vertex 8.68528 4.74132 5.72205e-07
    endloop
  endfacet
  facet normal -0.219041 -0.975716 0
    outer loop
      vertex 8.53646 4.7809 5.72205e-07
      vertex 8.61379 4.76354 0.4
      vertex 8.53646 4.7809 0.4
    endloop
  endfacet
  facet normal -0.219041 -0.975716 -0
    outer loop
      vertex 8.61379 4.76354 0.4
      vertex 8.53646 4.7809 5.72205e-07
      vertex 8.61379 4.76354 5.72205e-07
    endloop
  endfacet
  facet normal -0.148538 -0.988907 0
    outer loop
      vertex 8.45324 4.7934 5.72205e-07
      vertex 8.53646 4.7809 0.4
      vertex 8.45324 4.7934 0.4
    endloop
  endfacet
  facet normal -0.148538 -0.988907 -0
    outer loop
      vertex 8.53646 4.7809 0.4
      vertex 8.45324 4.7934 5.72205e-07
      vertex 8.53646 4.7809 5.72205e-07
    endloop
  endfacet
  facet normal -0.243054 0.970013 0
    outer loop
      vertex 8.51925 4.80994 5.72205e-07
      vertex 8.45324 4.7934 0.4
      vertex 8.51925 4.80994 0.4
    endloop
  endfacet
  facet normal -0.243054 0.970013 0
    outer loop
      vertex 8.45324 4.7934 0.4
      vertex 8.51925 4.80994 5.72205e-07
      vertex 8.45324 4.7934 5.72205e-07
    endloop
  endfacet
  facet normal -0.317021 0.948419 0
    outer loop
      vertex 8.58025 4.83033 5.72205e-07
      vertex 8.51925 4.80994 0.4
      vertex 8.58025 4.83033 0.4
    endloop
  endfacet
  facet normal -0.317021 0.948419 0
    outer loop
      vertex 8.51925 4.80994 0.4
      vertex 8.58025 4.83033 5.72205e-07
      vertex 8.51925 4.80994 5.72205e-07
    endloop
  endfacet
  facet normal -0.397101 0.917775 0
    outer loop
      vertex 8.63625 4.85456 5.72205e-07
      vertex 8.58025 4.83033 0.4
      vertex 8.63625 4.85456 0.4
    endloop
  endfacet
  facet normal -0.397101 0.917775 0
    outer loop
      vertex 8.58025 4.83033 0.4
      vertex 8.63625 4.85456 5.72205e-07
      vertex 8.58025 4.83033 5.72205e-07
    endloop
  endfacet
  facet normal -0.482374 0.875966 0
    outer loop
      vertex 8.68726 4.88265 5.72205e-07
      vertex 8.63625 4.85456 0.4
      vertex 8.68726 4.88265 0.4
    endloop
  endfacet
  facet normal -0.482374 0.875966 0
    outer loop
      vertex 8.63625 4.85456 0.4
      vertex 8.68726 4.88265 5.72205e-07
      vertex 8.63625 4.85456 5.72205e-07
    endloop
  endfacet
  facet normal -0.570305 0.821433 0
    outer loop
      vertex 8.73325 4.91458 5.72205e-07
      vertex 8.68726 4.88265 0.4
      vertex 8.73325 4.91458 0.4
    endloop
  endfacet
  facet normal -0.570305 0.821433 0
    outer loop
      vertex 8.68726 4.88265 0.4
      vertex 8.73325 4.91458 5.72205e-07
      vertex 8.68726 4.88265 5.72205e-07
    endloop
  endfacet
  facet normal -0.65762 0.75335 0
    outer loop
      vertex 8.77425 4.95037 5.72205e-07
      vertex 8.73325 4.91458 0.4
      vertex 8.77425 4.95037 0.4
    endloop
  endfacet
  facet normal -0.65762 0.75335 0
    outer loop
      vertex 8.73325 4.91458 0.4
      vertex 8.77425 4.95037 5.72205e-07
      vertex 8.73325 4.91458 5.72205e-07
    endloop
  endfacet
  facet normal -0.740109 0.672487 0
    outer loop
      vertex 8.77425 4.95037 5.72205e-07
      vertex 8.81025 4.98999 0.4
      vertex 8.81025 4.98999 5.72205e-07
    endloop
  endfacet
  facet normal -0.740109 0.672487 0
    outer loop
      vertex 8.81025 4.98999 0.4
      vertex 8.77425 4.95037 5.72205e-07
      vertex 8.77425 4.95037 0.4
    endloop
  endfacet
  facet normal -0.809608 0.586971 0
    outer loop
      vertex 8.81025 4.98999 5.72205e-07
      vertex 8.84136 5.0329 0.4
      vertex 8.84136 5.0329 5.72205e-07
    endloop
  endfacet
  facet normal -0.809608 0.586971 0
    outer loop
      vertex 8.84136 5.0329 0.4
      vertex 8.81025 4.98999 5.72205e-07
      vertex 8.81025 4.98999 0.4
    endloop
  endfacet
  facet normal -0.866132 0.499816 0
    outer loop
      vertex 8.84136 5.0329 5.72205e-07
      vertex 8.86768 5.07851 0.4
      vertex 8.86768 5.07851 5.72205e-07
    endloop
  endfacet
  facet normal -0.866132 0.499816 0
    outer loop
      vertex 8.86768 5.07851 0.4
      vertex 8.84136 5.0329 5.72205e-07
      vertex 8.84136 5.0329 0.4
    endloop
  endfacet
  facet normal -0.913257 0.407383 0
    outer loop
      vertex 8.86768 5.07851 5.72205e-07
      vertex 8.88923 5.12682 0.4
      vertex 8.88923 5.12682 5.72205e-07
    endloop
  endfacet
  facet normal -0.913257 0.407383 0
    outer loop
      vertex 8.88923 5.12682 0.4
      vertex 8.86768 5.07851 5.72205e-07
      vertex 8.86768 5.07851 0.4
    endloop
  endfacet
  facet normal -0.950145 0.31181 0
    outer loop
      vertex 8.88923 5.12682 5.72205e-07
      vertex 8.90597 5.17783 0.4
      vertex 8.90597 5.17783 5.72205e-07
    endloop
  endfacet
  facet normal -0.950145 0.31181 0
    outer loop
      vertex 8.90597 5.17783 0.4
      vertex 8.88923 5.12682 5.72205e-07
      vertex 8.88923 5.12682 0.4
    endloop
  endfacet
  facet normal -0.976037 0.217604 0
    outer loop
      vertex 8.90597 5.17783 5.72205e-07
      vertex 8.91794 5.23152 0.4
      vertex 8.91794 5.23152 5.72205e-07
    endloop
  endfacet
  facet normal -0.976037 0.217604 0
    outer loop
      vertex 8.91794 5.23152 0.4
      vertex 8.90597 5.17783 5.72205e-07
      vertex 8.90597 5.17783 0.4
    endloop
  endfacet
  facet normal -0.991994 0.126286 0
    outer loop
      vertex 8.91794 5.23152 5.72205e-07
      vertex 8.92512 5.28792 0.4
      vertex 8.92512 5.28792 5.72205e-07
    endloop
  endfacet
  facet normal -0.991994 0.126286 0
    outer loop
      vertex 8.92512 5.28792 0.4
      vertex 8.91794 5.23152 5.72205e-07
      vertex 8.91794 5.23152 0.4
    endloop
  endfacet
  facet normal -0.999183 0.0404069 0
    outer loop
      vertex 8.92512 5.28792 5.72205e-07
      vertex 8.92751 5.34702 0.4
      vertex 8.92751 5.34702 5.72205e-07
    endloop
  endfacet
  facet normal -0.999183 0.0404069 0
    outer loop
      vertex 8.92751 5.34702 0.4
      vertex 8.92512 5.28792 5.72205e-07
      vertex 8.92512 5.28792 0.4
    endloop
  endfacet
  facet normal -0.998432 -0.055977 0
    outer loop
      vertex 8.92751 5.34702 5.72205e-07
      vertex 8.92274 5.4321 0.4
      vertex 8.92274 5.4321 5.72205e-07
    endloop
  endfacet
  facet normal -0.998432 -0.055977 0
    outer loop
      vertex 8.92274 5.4321 0.4
      vertex 8.92751 5.34702 5.72205e-07
      vertex 8.92751 5.34702 0.4
    endloop
  endfacet
  facet normal -0.983977 -0.178293 0
    outer loop
      vertex 8.92274 5.4321 5.72205e-07
      vertex 8.90844 5.51102 0.4
      vertex 8.90844 5.51102 5.72205e-07
    endloop
  endfacet
  facet normal -0.983977 -0.178293 0
    outer loop
      vertex 8.90844 5.51102 0.4
      vertex 8.92274 5.4321 5.72205e-07
      vertex 8.92274 5.4321 0.4
    endloop
  endfacet
  facet normal -0.950316 -0.311288 0
    outer loop
      vertex 8.90844 5.51102 5.72205e-07
      vertex 8.8846 5.5838 0.4
      vertex 8.8846 5.5838 5.72205e-07
    endloop
  endfacet
  facet normal -0.950316 -0.311288 0
    outer loop
      vertex 8.8846 5.5838 0.4
      vertex 8.90844 5.51102 5.72205e-07
      vertex 8.90844 5.51102 0.4
    endloop
  endfacet
  facet normal -0.894105 -0.447858 0
    outer loop
      vertex 8.8846 5.5838 5.72205e-07
      vertex 8.85123 5.65042 0.4
      vertex 8.85123 5.65042 5.72205e-07
    endloop
  endfacet
  facet normal -0.894105 -0.447858 0
    outer loop
      vertex 8.85123 5.65042 0.4
      vertex 8.8846 5.5838 5.72205e-07
      vertex 8.8846 5.5838 0.4
    endloop
  endfacet
  facet normal -0.815489 -0.578773 0
    outer loop
      vertex 8.85123 5.65042 5.72205e-07
      vertex 8.80832 5.71088 0.4
      vertex 8.80832 5.71088 5.72205e-07
    endloop
  endfacet
  facet normal -0.815489 -0.578773 0
    outer loop
      vertex 8.80832 5.71088 0.4
      vertex 8.85123 5.65042 5.72205e-07
      vertex 8.85123 5.65042 0.4
    endloop
  endfacet
  facet normal -0.719447 -0.694547 0
    outer loop
      vertex 8.80832 5.71088 5.72205e-07
      vertex 8.75588 5.7652 0.4
      vertex 8.75588 5.7652 5.72205e-07
    endloop
  endfacet
  facet normal -0.719447 -0.694547 0
    outer loop
      vertex 8.75588 5.7652 0.4
      vertex 8.80832 5.71088 5.72205e-07
      vertex 8.80832 5.71088 0.4
    endloop
  endfacet
  facet normal -0.61357 -0.78964 0
    outer loop
      vertex 8.6939 5.81336 5.72205e-07
      vertex 8.75588 5.7652 0.4
      vertex 8.6939 5.81336 0.4
    endloop
  endfacet
  facet normal -0.61357 -0.78964 -0
    outer loop
      vertex 8.75588 5.7652 0.4
      vertex 8.6939 5.81336 5.72205e-07
      vertex 8.75588 5.7652 5.72205e-07
    endloop
  endfacet
  facet normal -0.506592 -0.862186 0
    outer loop
      vertex 8.62264 5.85523 5.72205e-07
      vertex 8.6939 5.81336 0.4
      vertex 8.62264 5.85523 0.4
    endloop
  endfacet
  facet normal -0.506592 -0.862186 -0
    outer loop
      vertex 8.6939 5.81336 0.4
      vertex 8.62264 5.85523 5.72205e-07
      vertex 8.6939 5.81336 5.72205e-07
    endloop
  endfacet
  facet normal -0.403716 -0.914884 0
    outer loop
      vertex 8.54235 5.89066 5.72205e-07
      vertex 8.62264 5.85523 0.4
      vertex 8.54235 5.89066 0.4
    endloop
  endfacet
  facet normal -0.403716 -0.914884 -0
    outer loop
      vertex 8.62264 5.85523 0.4
      vertex 8.54235 5.89066 5.72205e-07
      vertex 8.62264 5.85523 5.72205e-07
    endloop
  endfacet
  facet normal -0.308679 -0.951166 0
    outer loop
      vertex 8.45302 5.91965 5.72205e-07
      vertex 8.54235 5.89066 0.4
      vertex 8.45302 5.91965 0.4
    endloop
  endfacet
  facet normal -0.308679 -0.951166 -0
    outer loop
      vertex 8.54235 5.89066 0.4
      vertex 8.45302 5.91965 5.72205e-07
      vertex 8.54235 5.89066 5.72205e-07
    endloop
  endfacet
  facet normal -0.22339 -0.974729 0
    outer loop
      vertex 8.35467 5.94219 5.72205e-07
      vertex 8.45302 5.91965 0.4
      vertex 8.35467 5.94219 0.4
    endloop
  endfacet
  facet normal -0.22339 -0.974729 -0
    outer loop
      vertex 8.45302 5.91965 0.4
      vertex 8.35467 5.94219 5.72205e-07
      vertex 8.45302 5.91965 5.72205e-07
    endloop
  endfacet
  facet normal -0.14834 -0.988936 0
    outer loop
      vertex 8.24727 5.9583 5.72205e-07
      vertex 8.35467 5.94219 0.4
      vertex 8.24727 5.9583 0.4
    endloop
  endfacet
  facet normal -0.14834 -0.988936 -0
    outer loop
      vertex 8.35467 5.94219 0.4
      vertex 8.24727 5.9583 5.72205e-07
      vertex 8.35467 5.94219 5.72205e-07
    endloop
  endfacet
  facet normal -0.0826913 -0.996575 0
    outer loop
      vertex 8.13085 5.96796 5.72205e-07
      vertex 8.24727 5.9583 0.4
      vertex 8.13085 5.96796 0.4
    endloop
  endfacet
  facet normal -0.0826913 -0.996575 -0
    outer loop
      vertex 8.24727 5.9583 0.4
      vertex 8.13085 5.96796 5.72205e-07
      vertex 8.24727 5.9583 5.72205e-07
    endloop
  endfacet
  facet normal -0.0256571 -0.999671 0
    outer loop
      vertex 8.00539 5.97118 5.72205e-07
      vertex 8.13085 5.96796 0.4
      vertex 8.00539 5.97118 0.4
    endloop
  endfacet
  facet normal -0.0256571 -0.999671 -0
    outer loop
      vertex 8.13085 5.96796 0.4
      vertex 8.00539 5.97118 5.72205e-07
      vertex 8.13085 5.96796 5.72205e-07
    endloop
  endfacet
  facet normal 0 -1 0
    outer loop
      vertex 6.8682 5.97118 5.72205e-07
      vertex 8.00539 5.97118 0.4
      vertex 6.8682 5.97118 0.4
    endloop
  endfacet
  facet normal 0 -1 -0
    outer loop
      vertex 8.00539 5.97118 0.4
      vertex 6.8682 5.97118 5.72205e-07
      vertex 8.00539 5.97118 5.72205e-07
    endloop
  endfacet
  facet normal 1 -0 0
    outer loop
      vertex 6.8682 3.48694 0.4
      vertex 6.8682 5.97118 5.72205e-07
      vertex 6.8682 5.97118 0.4
    endloop
  endfacet
  facet normal 1 0 0
    outer loop
      vertex 6.8682 5.97118 5.72205e-07
      vertex 6.8682 3.48694 0.4
      vertex 6.8682 3.48694 5.72205e-07
    endloop
  endfacet
  facet normal 0 1 -0
    outer loop
      vertex 8.11118 3.48694 5.72205e-07
      vertex 6.8682 3.48694 0.4
      vertex 8.11118 3.48694 0.4
    endloop
  endfacet
  facet normal 0 1 0
    outer loop
      vertex 6.8682 3.48694 0.4
      vertex 8.11118 3.48694 5.72205e-07
      vertex 6.8682 3.48694 5.72205e-07
    endloop
  endfacet
  facet normal -0.0303206 0.99954 0
    outer loop
      vertex 8.23612 3.49073 5.72205e-07
      vertex 8.11118 3.48694 0.4
      vertex 8.23612 3.49073 0.4
    endloop
  endfacet
  facet normal -0.0303206 0.99954 0
    outer loop
      vertex 8.11118 3.48694 0.4
      vertex 8.23612 3.49073 5.72205e-07
      vertex 8.11118 3.48694 5.72205e-07
    endloop
  endfacet
  facet normal -1 0 0
    outer loop
      vertex 7.38833 4.96971 5.72205e-07
      vertex 7.38833 5.58506 0.4
      vertex 7.38833 5.58506 5.72205e-07
    endloop
  endfacet
  facet normal -1 -0 0
    outer loop
      vertex 7.38833 5.58506 0.4
      vertex 7.38833 4.96971 5.72205e-07
      vertex 7.38833 4.96971 0.4
    endloop
  endfacet
  facet normal 0 1 -0
    outer loop
      vertex 7.98072 5.58506 5.72205e-07
      vertex 7.38833 5.58506 0.4
      vertex 7.98072 5.58506 0.4
    endloop
  endfacet
  facet normal 0 1 0
    outer loop
      vertex 7.38833 5.58506 0.4
      vertex 7.98072 5.58506 5.72205e-07
      vertex 7.38833 5.58506 5.72205e-07
    endloop
  endfacet
  facet normal 0.0250613 0.999686 -0
    outer loop
      vertex 8.03856 5.58361 5.72205e-07
      vertex 7.98072 5.58506 0.4
      vertex 8.03856 5.58361 0.4
    endloop
  endfacet
  facet normal 0.0250613 0.999686 0
    outer loop
      vertex 7.98072 5.58506 0.4
      vertex 8.03856 5.58361 5.72205e-07
      vertex 7.98072 5.58506 5.72205e-07
    endloop
  endfacet
  facet normal 0.080277 0.996773 -0
    outer loop
      vertex 8.0922 5.57929 5.72205e-07
      vertex 8.03856 5.58361 0.4
      vertex 8.0922 5.57929 0.4
    endloop
  endfacet
  facet normal 0.080277 0.996773 0
    outer loop
      vertex 8.03856 5.58361 0.4
      vertex 8.0922 5.57929 5.72205e-07
      vertex 8.03856 5.58361 5.72205e-07
    endloop
  endfacet
  facet normal 0.143972 0.989582 -0
    outer loop
      vertex 8.14162 5.5721 5.72205e-07
      vertex 8.0922 5.57929 0.4
      vertex 8.14162 5.5721 0.4
    endloop
  endfacet
  facet normal 0.143972 0.989582 0
    outer loop
      vertex 8.0922 5.57929 0.4
      vertex 8.14162 5.5721 5.72205e-07
      vertex 8.0922 5.57929 5.72205e-07
    endloop
  endfacet
  facet normal 0.217868 0.975978 -0
    outer loop
      vertex 8.18682 5.56201 5.72205e-07
      vertex 8.14162 5.5721 0.4
      vertex 8.18682 5.56201 0.4
    endloop
  endfacet
  facet normal 0.217868 0.975978 0
    outer loop
      vertex 8.14162 5.5721 0.4
      vertex 8.18682 5.56201 5.72205e-07
      vertex 8.14162 5.5721 5.72205e-07
    endloop
  endfacet
  facet normal 0.301187 0.953565 -0
    outer loop
      vertex 8.22782 5.54906 5.72205e-07
      vertex 8.18682 5.56201 0.4
      vertex 8.22782 5.54906 0.4
    endloop
  endfacet
  facet normal 0.301187 0.953565 0
    outer loop
      vertex 8.18682 5.56201 0.4
      vertex 8.22782 5.54906 5.72205e-07
      vertex 8.18682 5.56201 5.72205e-07
    endloop
  endfacet
  facet normal 0.395455 0.918485 -0
    outer loop
      vertex 8.26461 5.53322 5.72205e-07
      vertex 8.22782 5.54906 0.4
      vertex 8.26461 5.53322 0.4
    endloop
  endfacet
  facet normal 0.395455 0.918485 0
    outer loop
      vertex 8.22782 5.54906 0.4
      vertex 8.26461 5.53322 5.72205e-07
      vertex 8.22782 5.54906 5.72205e-07
    endloop
  endfacet
  facet normal 0.498001 0.867176 -0
    outer loop
      vertex 8.29719 5.51451 5.72205e-07
      vertex 8.26461 5.53322 0.4
      vertex 8.29719 5.51451 0.4
    endloop
  endfacet
  facet normal 0.498001 0.867176 0
    outer loop
      vertex 8.26461 5.53322 0.4
      vertex 8.29719 5.51451 5.72205e-07
      vertex 8.26461 5.53322 5.72205e-07
    endloop
  endfacet
  facet normal 0.615828 0.787881 -0
    outer loop
      vertex 8.32549 5.49239 5.72205e-07
      vertex 8.29719 5.51451 0.4
      vertex 8.32549 5.49239 0.4
    endloop
  endfacet
  facet normal 0.615828 0.787881 0
    outer loop
      vertex 8.29719 5.51451 0.4
      vertex 8.32549 5.49239 5.72205e-07
      vertex 8.29719 5.51451 5.72205e-07
    endloop
  endfacet
  facet normal 0.736404 0.676543 0
    outer loop
      vertex 8.34945 5.46631 0.4
      vertex 8.32549 5.49239 5.72205e-07
      vertex 8.32549 5.49239 0.4
    endloop
  endfacet
  facet normal 0.736404 0.676543 0
    outer loop
      vertex 8.32549 5.49239 5.72205e-07
      vertex 8.34945 5.46631 0.4
      vertex 8.34945 5.46631 5.72205e-07
    endloop
  endfacet
  facet normal 0.837627 0.546242 0
    outer loop
      vertex 8.36904 5.43627 0.4
      vertex 8.34945 5.46631 5.72205e-07
      vertex 8.34945 5.46631 0.4
    endloop
  endfacet
  facet normal 0.837627 0.546242 0
    outer loop
      vertex 8.34945 5.46631 5.72205e-07
      vertex 8.36904 5.43627 0.4
      vertex 8.36904 5.43627 5.72205e-07
    endloop
  endfacet
  facet normal 0.912568 0.408925 0
    outer loop
      vertex 8.38428 5.40226 0.4
      vertex 8.36904 5.43627 5.72205e-07
      vertex 8.36904 5.43627 0.4
    endloop
  endfacet
  facet normal 0.912568 0.408925 0
    outer loop
      vertex 8.36904 5.43627 5.72205e-07
      vertex 8.38428 5.40226 0.4
      vertex 8.38428 5.40226 5.72205e-07
    endloop
  endfacet
  facet normal 0.961275 0.275591 0
    outer loop
      vertex 8.39516 5.36431 0.4
      vertex 8.38428 5.40226 5.72205e-07
      vertex 8.38428 5.40226 0.4
    endloop
  endfacet
  facet normal 0.961275 0.275591 0
    outer loop
      vertex 8.38428 5.40226 5.72205e-07
      vertex 8.39516 5.36431 0.4
      vertex 8.39516 5.36431 5.72205e-07
    endloop
  endfacet
  facet normal 0.988084 0.153917 0
    outer loop
      vertex 8.40169 5.32239 0.4
      vertex 8.39516 5.36431 5.72205e-07
      vertex 8.39516 5.36431 0.4
    endloop
  endfacet
  facet normal 0.988084 0.153917 0
    outer loop
      vertex 8.39516 5.36431 5.72205e-07
      vertex 8.40169 5.32239 0.4
      vertex 8.40169 5.32239 5.72205e-07
    endloop
  endfacet
  facet normal 0.998863 0.0476789 0
    outer loop
      vertex 8.40388 5.27651 0.4
      vertex 8.40169 5.32239 5.72205e-07
      vertex 8.40169 5.32239 0.4
    endloop
  endfacet
  facet normal 0.998863 0.0476789 0
    outer loop
      vertex 8.40169 5.32239 5.72205e-07
      vertex 8.40388 5.27651 0.4
      vertex 8.40388 5.27651 5.72205e-07
    endloop
  endfacet
  facet normal 0.998826 -0.0484408 0
    outer loop
      vertex 8.40183 5.23424 0.4
      vertex 8.40388 5.27651 5.72205e-07
      vertex 8.40388 5.27651 0.4
    endloop
  endfacet
  facet normal 0.998826 -0.0484408 0
    outer loop
      vertex 8.40388 5.27651 5.72205e-07
      vertex 8.40183 5.23424 0.4
      vertex 8.40183 5.23424 5.72205e-07
    endloop
  endfacet
  facet normal 0.988099 -0.153822 0
    outer loop
      vertex 8.39574 5.19512 0.4
      vertex 8.40183 5.23424 5.72205e-07
      vertex 8.40183 5.23424 0.4
    endloop
  endfacet
  facet normal 0.988099 -0.153822 0
    outer loop
      vertex 8.40183 5.23424 5.72205e-07
      vertex 8.39574 5.19512 0.4
      vertex 8.39574 5.19512 5.72205e-07
    endloop
  endfacet
  facet normal 0.962287 -0.272038 0
    outer loop
      vertex 8.38556 5.15911 0.4
      vertex 8.39574 5.19512 5.72205e-07
      vertex 8.39574 5.19512 0.4
    endloop
  endfacet
  facet normal 0.962287 -0.272038 0
    outer loop
      vertex 8.39574 5.19512 5.72205e-07
      vertex 8.38556 5.15911 0.4
      vertex 8.38556 5.15911 5.72205e-07
    endloop
  endfacet
  facet normal 0.917797 -0.397051 0
    outer loop
      vertex 8.37134 5.12624 0.4
      vertex 8.38556 5.15911 5.72205e-07
      vertex 8.38556 5.15911 0.4
    endloop
  endfacet
  facet normal 0.917797 -0.397051 0
    outer loop
      vertex 8.38556 5.15911 5.72205e-07
      vertex 8.37134 5.12624 0.4
      vertex 8.37134 5.12624 5.72205e-07
    endloop
  endfacet
  facet normal 0.85155 -0.524273 0
    outer loop
      vertex 8.35303 5.0965 0.4
      vertex 8.37134 5.12624 5.72205e-07
      vertex 8.37134 5.12624 0.4
    endloop
  endfacet
  facet normal 0.85155 -0.524273 0
    outer loop
      vertex 8.37134 5.12624 5.72205e-07
      vertex 8.35303 5.0965 0.4
      vertex 8.35303 5.0965 5.72205e-07
    endloop
  endfacet
  facet normal 0.765455 -0.643489 0
    outer loop
      vertex 8.33066 5.06989 0.4
      vertex 8.35303 5.0965 5.72205e-07
      vertex 8.35303 5.0965 0.4
    endloop
  endfacet
  facet normal 0.765455 -0.643489 0
    outer loop
      vertex 8.35303 5.0965 5.72205e-07
      vertex 8.33066 5.06989 0.4
      vertex 8.33066 5.06989 5.72205e-07
    endloop
  endfacet
  facet normal 0.664452 -0.747331 0
    outer loop
      vertex 8.30424 5.0464 5.72205e-07
      vertex 8.33066 5.06989 0.4
      vertex 8.30424 5.0464 0.4
    endloop
  endfacet
  facet normal 0.664452 -0.747331 0
    outer loop
      vertex 8.33066 5.06989 0.4
      vertex 8.30424 5.0464 5.72205e-07
      vertex 8.33066 5.06989 5.72205e-07
    endloop
  endfacet
  facet normal 0.549577 -0.835443 0
    outer loop
      vertex 8.27332 5.02606 5.72205e-07
      vertex 8.30424 5.0464 0.4
      vertex 8.27332 5.02606 0.4
    endloop
  endfacet
  facet normal 0.549577 -0.835443 0
    outer loop
      vertex 8.30424 5.0464 0.4
      vertex 8.27332 5.02606 5.72205e-07
      vertex 8.30424 5.0464 5.72205e-07
    endloop
  endfacet
  facet normal 0.432878 -0.901452 0
    outer loop
      vertex 8.23746 5.00884 5.72205e-07
      vertex 8.27332 5.02606 0.4
      vertex 8.23746 5.00884 0.4
    endloop
  endfacet
  facet normal 0.432878 -0.901452 0
    outer loop
      vertex 8.27332 5.02606 0.4
      vertex 8.23746 5.00884 5.72205e-07
      vertex 8.27332 5.02606 5.72205e-07
    endloop
  endfacet
  facet normal 0.326569 -0.945173 0
    outer loop
      vertex 8.19668 4.99475 5.72205e-07
      vertex 8.23746 5.00884 0.4
      vertex 8.19668 4.99475 0.4
    endloop
  endfacet
  facet normal 0.326569 -0.945173 0
    outer loop
      vertex 8.23746 5.00884 0.4
      vertex 8.19668 4.99475 5.72205e-07
      vertex 8.23746 5.00884 5.72205e-07
    endloop
  endfacet
  facet normal 0.232914 -0.972497 0
    outer loop
      vertex 8.15096 4.9838 5.72205e-07
      vertex 8.19668 4.99475 0.4
      vertex 8.15096 4.9838 0.4
    endloop
  endfacet
  facet normal 0.232914 -0.972497 0
    outer loop
      vertex 8.19668 4.99475 0.4
      vertex 8.15096 4.9838 5.72205e-07
      vertex 8.19668 4.99475 5.72205e-07
    endloop
  endfacet
  facet normal 0.152835 -0.988252 0
    outer loop
      vertex 8.10033 4.97597 5.72205e-07
      vertex 8.15096 4.9838 0.4
      vertex 8.10033 4.97597 0.4
    endloop
  endfacet
  facet normal 0.152835 -0.988252 0
    outer loop
      vertex 8.15096 4.9838 0.4
      vertex 8.10033 4.97597 5.72205e-07
      vertex 8.15096 4.9838 5.72205e-07
    endloop
  endfacet
  facet normal 0.0842771 -0.996442 0
    outer loop
      vertex 8.04476 4.97127 5.72205e-07
      vertex 8.10033 4.97597 0.4
      vertex 8.04476 4.97127 0.4
    endloop
  endfacet
  facet normal 0.0842771 -0.996442 0
    outer loop
      vertex 8.10033 4.97597 0.4
      vertex 8.04476 4.97127 5.72205e-07
      vertex 8.10033 4.97597 5.72205e-07
    endloop
  endfacet
  facet normal 0.0257766 -0.999668 0
    outer loop
      vertex 7.98426 4.96971 5.72205e-07
      vertex 8.04476 4.97127 0.4
      vertex 7.98426 4.96971 0.4
    endloop
  endfacet
  facet normal 0.0257766 -0.999668 0
    outer loop
      vertex 8.04476 4.97127 0.4
      vertex 7.98426 4.96971 5.72205e-07
      vertex 8.04476 4.97127 5.72205e-07
    endloop
  endfacet
  facet normal 0 -1 0
    outer loop
      vertex 7.38833 4.96971 5.72205e-07
      vertex 7.98426 4.96971 0.4
      vertex 7.38833 4.96971 0.4
    endloop
  endfacet
  facet normal 0 -1 -0
    outer loop
      vertex 7.98426 4.96971 0.4
      vertex 7.38833 4.96971 5.72205e-07
      vertex 7.98426 4.96971 5.72205e-07
    endloop
  endfacet
  facet normal -1 0 0
    outer loop
      vertex 7.38833 3.87306 5.72205e-07
      vertex 7.38833 4.58536 0.4
      vertex 7.38833 4.58536 5.72205e-07
    endloop
  endfacet
  facet normal -1 -0 0
    outer loop
      vertex 7.38833 4.58536 0.4
      vertex 7.38833 3.87306 5.72205e-07
      vertex 7.38833 3.87306 0.4
    endloop
  endfacet
  facet normal 0 1 -0
    outer loop
      vertex 8.04772 4.58536 5.72205e-07
      vertex 7.38833 4.58536 0.4
      vertex 8.04772 4.58536 0.4
    endloop
  endfacet
  facet normal 0 1 0
    outer loop
      vertex 7.38833 4.58536 0.4
      vertex 8.04772 4.58536 5.72205e-07
      vertex 7.38833 4.58536 5.72205e-07
    endloop
  endfacet
  facet normal 0.0534465 0.998571 -0
    outer loop
      vertex 8.18056 4.57825 5.72205e-07
      vertex 8.04772 4.58536 0.4
      vertex 8.18056 4.57825 0.4
    endloop
  endfacet
  facet normal 0.0534465 0.998571 0
    outer loop
      vertex 8.04772 4.58536 0.4
      vertex 8.18056 4.57825 5.72205e-07
      vertex 8.04772 4.58536 5.72205e-07
    endloop
  endfacet
  facet normal 0.186847 0.982389 -0
    outer loop
      vertex 8.29297 4.55687 5.72205e-07
      vertex 8.18056 4.57825 0.4
      vertex 8.29297 4.55687 0.4
    endloop
  endfacet
  facet normal 0.186847 0.982389 0
    outer loop
      vertex 8.18056 4.57825 0.4
      vertex 8.29297 4.55687 5.72205e-07
      vertex 8.18056 4.57825 5.72205e-07
    endloop
  endfacet
  facet normal 0.361213 0.932483 -0
    outer loop
      vertex 8.38495 4.52124 5.72205e-07
      vertex 8.29297 4.55687 0.4
      vertex 8.38495 4.52124 0.4
    endloop
  endfacet
  facet normal 0.361213 0.932483 0
    outer loop
      vertex 8.29297 4.55687 0.4
      vertex 8.38495 4.52124 5.72205e-07
      vertex 8.29297 4.55687 5.72205e-07
    endloop
  endfacet
  facet normal 0.571783 0.820405 -0
    outer loop
      vertex 8.45649 4.47138 5.72205e-07
      vertex 8.38495 4.52124 0.4
      vertex 8.45649 4.47138 0.4
    endloop
  endfacet
  facet normal 0.571783 0.820405 0
    outer loop
      vertex 8.38495 4.52124 0.4
      vertex 8.45649 4.47138 5.72205e-07
      vertex 8.38495 4.52124 5.72205e-07
    endloop
  endfacet
  facet normal 0.782152 0.623087 0
    outer loop
      vertex 8.50757 4.40726 0.4
      vertex 8.45649 4.47138 5.72205e-07
      vertex 8.45649 4.47138 0.4
    endloop
  endfacet
  facet normal 0.782152 0.623087 0
    outer loop
      vertex 8.45649 4.47138 5.72205e-07
      vertex 8.50757 4.40726 0.4
      vertex 8.50757 4.40726 5.72205e-07
    endloop
  endfacet
  facet normal 0.931269 0.364332 0
    outer loop
      vertex 8.53823 4.32889 0.4
      vertex 8.50757 4.40726 5.72205e-07
      vertex 8.50757 4.40726 0.4
    endloop
  endfacet
  facet normal 0.931269 0.364332 0
    outer loop
      vertex 8.50757 4.40726 5.72205e-07
      vertex 8.53823 4.32889 0.4
      vertex 8.53823 4.32889 5.72205e-07
    endloop
  endfacet
  facet normal 0.993967 0.109678 0
    outer loop
      vertex 8.54845 4.23627 0.4
      vertex 8.53823 4.32889 5.72205e-07
      vertex 8.53823 4.32889 0.4
    endloop
  endfacet
  facet normal 0.993967 0.109678 0
    outer loop
      vertex 8.53823 4.32889 5.72205e-07
      vertex 8.54845 4.23627 0.4
      vertex 8.54845 4.23627 5.72205e-07
    endloop
  endfacet
  facet normal 0.998899 -0.0469201 0
    outer loop
      vertex 8.5461 4.18624 0.4
      vertex 8.54845 4.23627 5.72205e-07
      vertex 8.54845 4.23627 0.4
    endloop
  endfacet
  facet normal 0.998899 -0.0469201 0
    outer loop
      vertex 8.54845 4.23627 5.72205e-07
      vertex 8.5461 4.18624 0.4
      vertex 8.5461 4.18624 5.72205e-07
    endloop
  endfacet
  facet normal 0.988524 -0.151063 0
    outer loop
      vertex 8.53902 4.13991 0.4
      vertex 8.5461 4.18624 5.72205e-07
      vertex 8.5461 4.18624 0.4
    endloop
  endfacet
  facet normal 0.988524 -0.151063 0
    outer loop
      vertex 8.5461 4.18624 5.72205e-07
      vertex 8.53902 4.13991 0.4
      vertex 8.53902 4.13991 5.72205e-07
    endloop
  endfacet
  facet normal 0.963861 -0.266407 0
    outer loop
      vertex 8.52724 4.09729 0.4
      vertex 8.53902 4.13991 5.72205e-07
      vertex 8.53902 4.13991 0.4
    endloop
  endfacet
  facet normal 0.963861 -0.266407 0
    outer loop
      vertex 8.53902 4.13991 5.72205e-07
      vertex 8.52724 4.09729 0.4
      vertex 8.52724 4.09729 5.72205e-07
    endloop
  endfacet
  facet normal 0.920729 -0.390203 0
    outer loop
      vertex 8.51075 4.05838 0.4
      vertex 8.52724 4.09729 5.72205e-07
      vertex 8.52724 4.09729 0.4
    endloop
  endfacet
  facet normal 0.920729 -0.390203 0
    outer loop
      vertex 8.52724 4.09729 5.72205e-07
      vertex 8.51075 4.05838 0.4
      vertex 8.51075 4.05838 5.72205e-07
    endloop
  endfacet
  facet normal 0.85659 -0.515998 0
    outer loop
      vertex 8.48954 4.02317 0.4
      vertex 8.51075 4.05838 5.72205e-07
      vertex 8.51075 4.05838 0.4
    endloop
  endfacet
  facet normal 0.85659 -0.515998 0
    outer loop
      vertex 8.51075 4.05838 5.72205e-07
      vertex 8.48954 4.02317 0.4
      vertex 8.48954 4.02317 5.72205e-07
    endloop
  endfacet
  facet normal 0.772043 -0.63557 0
    outer loop
      vertex 8.4636 3.99166 0.4
      vertex 8.48954 4.02317 5.72205e-07
      vertex 8.48954 4.02317 0.4
    endloop
  endfacet
  facet normal 0.772043 -0.63557 0
    outer loop
      vertex 8.48954 4.02317 5.72205e-07
      vertex 8.4636 3.99166 0.4
      vertex 8.4636 3.99166 5.72205e-07
    endloop
  endfacet
  facet normal 0.671818 -0.740716 0
    outer loop
      vertex 8.43296 3.96387 5.72205e-07
      vertex 8.4636 3.99166 0.4
      vertex 8.43296 3.96387 0.4
    endloop
  endfacet
  facet normal 0.671818 -0.740716 0
    outer loop
      vertex 8.4636 3.99166 0.4
      vertex 8.43296 3.96387 5.72205e-07
      vertex 8.4636 3.99166 5.72205e-07
    endloop
  endfacet
  facet normal 0.558815 -0.829292 0
    outer loop
      vertex 8.39721 3.93978 5.72205e-07
      vertex 8.43296 3.96387 0.4
      vertex 8.39721 3.93978 0.4
    endloop
  endfacet
  facet normal 0.558815 -0.829292 0
    outer loop
      vertex 8.43296 3.96387 0.4
      vertex 8.39721 3.93978 5.72205e-07
      vertex 8.43296 3.96387 5.72205e-07
    endloop
  endfacet
  facet normal 0.443123 -0.896461 0
    outer loop
      vertex 8.35596 3.91939 5.72205e-07
      vertex 8.39721 3.93978 0.4
      vertex 8.35596 3.91939 0.4
    endloop
  endfacet
  facet normal 0.443123 -0.896461 0
    outer loop
      vertex 8.39721 3.93978 0.4
      vertex 8.35596 3.91939 5.72205e-07
      vertex 8.39721 3.93978 5.72205e-07
    endloop
  endfacet
  facet normal 0.335915 -0.941892 0
    outer loop
      vertex 8.30919 3.90271 5.72205e-07
      vertex 8.35596 3.91939 0.4
      vertex 8.30919 3.90271 0.4
    endloop
  endfacet
  facet normal 0.335915 -0.941892 0
    outer loop
      vertex 8.35596 3.91939 0.4
      vertex 8.30919 3.90271 5.72205e-07
      vertex 8.35596 3.91939 5.72205e-07
    endloop
  endfacet
  facet normal 0.240875 -0.970556 0
    outer loop
      vertex 8.25693 3.88974 5.72205e-07
      vertex 8.30919 3.90271 0.4
      vertex 8.25693 3.88974 0.4
    endloop
  endfacet
  facet normal 0.240875 -0.970556 0
    outer loop
      vertex 8.30919 3.90271 0.4
      vertex 8.25693 3.88974 5.72205e-07
      vertex 8.30919 3.90271 5.72205e-07
    endloop
  endfacet
  facet normal 0.15827 -0.987396 0
    outer loop
      vertex 8.19916 3.88048 5.72205e-07
      vertex 8.25693 3.88974 0.4
      vertex 8.19916 3.88048 0.4
    endloop
  endfacet
  facet normal 0.15827 -0.987396 0
    outer loop
      vertex 8.25693 3.88974 0.4
      vertex 8.19916 3.88048 5.72205e-07
      vertex 8.25693 3.88974 5.72205e-07
    endloop
  endfacet
  facet normal 0.0873975 -0.996174 0
    outer loop
      vertex 8.1359 3.87493 5.72205e-07
      vertex 8.19916 3.88048 0.4
      vertex 8.1359 3.87493 0.4
    endloop
  endfacet
  facet normal 0.0873975 -0.996174 0
    outer loop
      vertex 8.19916 3.88048 0.4
      vertex 8.1359 3.87493 5.72205e-07
      vertex 8.19916 3.88048 5.72205e-07
    endloop
  endfacet
  facet normal 0.0271741 -0.999631 0
    outer loop
      vertex 8.06711 3.87306 5.72205e-07
      vertex 8.1359 3.87493 0.4
      vertex 8.06711 3.87306 0.4
    endloop
  endfacet
  facet normal 0.0271741 -0.999631 0
    outer loop
      vertex 8.1359 3.87493 0.4
      vertex 8.06711 3.87306 5.72205e-07
      vertex 8.1359 3.87493 5.72205e-07
    endloop
  endfacet
  facet normal 0 -1 0
    outer loop
      vertex 7.38833 3.87306 5.72205e-07
      vertex 8.06711 3.87306 0.4
      vertex 7.38833 3.87306 0.4
    endloop
  endfacet
  facet normal 0 -1 -0
    outer loop
      vertex 8.06711 3.87306 0.4
      vertex 7.38833 3.87306 5.72205e-07
      vertex 8.06711 3.87306 5.72205e-07
    endloop
  endfacet
  facet normal 1 -0 0
    outer loop
      vertex -2 -12.63 0.800001
      vertex -2 -11.63 5.72205e-07
      vertex -2 -11.63 0.800001
    endloop
  endfacet
  facet normal 1 0 0
    outer loop
      vertex -2 -11.63 5.72205e-07
      vertex -2 -12.63 0.800001
      vertex -2 -12.63 5.72205e-07
    endloop
  endfacet
  facet normal -1 0 0
    outer loop
      vertex 2 -12.63 5.72205e-07
      vertex 2 -11.63 0.800001
      vertex 2 -11.63 5.72205e-07
    endloop
  endfacet
  facet normal -1 -0 0
    outer loop
      vertex 2 -11.63 0.800001
      vertex 2 -12.63 5.72205e-07
      vertex 2 -12.63 0.800001
    endloop
  endfacet
  facet normal 0 -1 0
    outer loop
      vertex -2 -11.63 5.72205e-07
      vertex 2 -11.63 0.800001
      vertex -2 -11.63 0.800001
    endloop
  endfacet
  facet normal 0 -1 -0
    outer loop
      vertex 2 -11.63 0.800001
      vertex -2 -11.63 5.72205e-07
      vertex 2 -11.63 5.72205e-07
    endloop
  endfacet
  facet normal 0 0 -1
    outer loop
      vertex -2 -12.63 0.800001
      vertex 2 -11.63 0.800001
      vertex 2 -12.63 0.800001
    endloop
  endfacet
  facet normal -0 0 -1
    outer loop
      vertex 2 -11.63 0.800001
      vertex -2 -12.63 0.800001
      vertex -2 -11.63 0.800001
    endloop
  endfacet
endsolid OpenSCAD_Model
